"icontitle","description"
"安全步行空间","修路修了多年，车多人多自行车乱，希望尽快改善"
"自定义","安全做得好做得好，非常好"
"安全步行空间","这里每天上学送孩子的车辆堵满整个胡同，孩子在车流中穿行非常不安全，而且送孩子的车辆也经常寸步难行。建议上学期间设为禁行路段"
"自定义","学校开门在支路或者街坊路上，上下学期间禁行⛔️，外围安排疏导，照机场航站楼前管理"
"占道停车","滴滴摆渡车在高架桥斜坡上占自行车道，自行车在夹缝中穿行非常危险。还有私家车黑车也停在坡道上等活。"
"自定义","志成小学东南有个公交车站，占据大量人行道，孩子们只能下来走自行车道，人车混行有安全隐患。"
"安全步行空间","路很窄，汽车和行人混行，无论对驾驶者和上学的学生都不安全！"
"自定义","上下学时段（7:00-8:00；16:00-17:00）禁止机动车通行"
"过街设施","上学、放学的时间段，学生和过往机动车辆交织严重，存在安全隐患！"
"占道停车","小黄车占道，侵害行人路权！"
"安全步行空间","道路两边全部停满了车辆，路面行驶空间狭窄，堵车指数极高"
"安全步行空间","希望改善增设或改善安全步行空间"
"照明与监控","有小学但是照明很差，冬天会不安全"
"过街设施","东西南北人群汇聚，早晚高峰人流大，路况差，看病，上学的人群在十字路口拥挤不堪，加上公交，旅行车，过马路的行人尤其是老年人，快递车横穿即使有维持秩序的交通协管，有时候也无济于事，希望建过街天桥，行车，行人分开，各行其道，缓解目前路况。"
"照明与监控","路灯不足，改善照明很重要"
"自定义","清华应在距离地铁站最近的地方增设出入口，方便广大师生公交出行"
"自定义","北医附小门口，接送孩子的入口通道狭窄，还有通道两侧的小区机动车出入口两面夹击，每天都非常拥挤危险"
"过街设施","总是绿灯在斑马线前等很久！🤷🏻‍♂️🤷🏻‍♂️"
"占道停车","太多非法定车，影响这里居民的日常生活。"
"照明与监控","夜晚比较黑 照明设施不太好，监控也不多。"
"自定义","这里有太多的非法停车，影响日常生活"
"占道停车","😄😄😄非法停车比较严重 影响日常生活"
"安全步行空间","路口狭窄，路况复杂，没有人行道。"
"过街设施","极其不合理的红绿灯🚥，每次过街都无限等待，好不容易等到绿灯，还有左转右转各种转的车辆横冲直撞往脸上开！🤕🤕😤😤强烈建议优化信号灯，过街过增加车让人标识！"
"安全步行空间","路太窄了，路灯不够亮"
"过街设施","信号灯坏了很久，无人维修，旁边就是儿研所，每天早上大量的家长小孩和老人在附近活动，非常大的安全隐患"
"照明与监控","这条路晚上路灯比较少，冬天上下学时天还不太亮，容易出危险。此外人行道被树坑电线杆占据，有的地方只够一个人走，希望能拓宽一点。"
"自定义","好多机动车占用自行车道行驶，挤占自行车空间。"
"占道停车","有一些大车在路边停着，挤占行人空间"
"占道停车","很多大车在路边停靠，影响骑自行车"
"安全步行空间","早上自行车电动车汽车行人乱成一锅粥"
"安全步行空间","杂草丛生，阻碍人行便道"
"占道停车","汽车4s店占道经营，违法在人行道停车，对着主干路路口的人行横道斑马线开设出车口，无视行人安全进出车。"
"自定义","现在路边占路施工🚧 ，建议在施工标牌上标明施工内容和施工期限，让居民心中有数"
"自定义","自行车道中间不平，自行车只能靠最外侧或者最里侧骑行，不安全"
"自定义","房子转角挡住了视线，看不到对面的来车情况，建议安装镜子"
"占道停车","下午3点多家长接孩子放学，直接停在主路上，严重堵塞交通，旁边国风美唐小区的车无法正常通行开进小区"
"安全步行空间","法华寺路由东向西到北外附小段突然变窄，空间逼仄，车辆双向行驶，上下学时段混乱不堪，孩子安全无保障，学校、家长均感苦不堪言。"
"安全步行空间","学校门口，人车混行危险"
"占道停车","西里一区6号楼西侧的底商，从11单元底下的顺丰快递到14单元的诺洁超市，整个这段路，一到晚上，便道让商户占满，卖电动车的、房屋中介里门外烧烤、顺丰快递车装货卸货，行人只得走马路上去，很不安全。"
"占道停车","东新开胡同路口北口，临街道路西侧的人行便道上，便道边上砌有1米多高的矮墙，上面种上了灌木，无人修整，植物的枝桠长的都伸向墙外，造成便道不能行走，只能走到马路上。希望有人管理修葺一下。"
"过街设施","建议架设一座步行桥，现在只有车行桥，不是步行尺度的，过河特别绕。"
"安全步行空间","好好好得很呐就是今生今世"
"过街设施","山老胡同唯一的一个公厕 旁边的一堵墙是紫龙宾馆后门的一间房的墙 这个距离也就是五十六十公分 稍微胖一点的或者有残疾车根本进不去 再去别的胡同的公厕又稍远一点 国家不是解决老百姓的实际困难吗 可以来人实地调查 能尽快解决 "
"自定义","国英园小区 绿化除草完 还剩余大量垃圾未清理，有较多家具废弃物没人处理 小区脏乱差"
"自定义","路边停车过多，中街基本被机动车挤占，人车混行严重，行人行走舒适度较差"
"安全步行空间","不明白为什么要先上两级台阶再下到一个坑里坐地铁，为了防洪吗？"
"安全步行空间","经常路过的时候看到拥堵
"
"照明与监控","这个横穿三环路的地下通道，很方便，每天很多人通过。但是环境超差，路面不平，缺少照明，很容易发生危险！依托临河的优势，如果善加设计，会是很好的公共空间！"
"过街设施","还是山老胡同问题 现在正在装修街道 如不尽快装修好了再放马后炮……"
"过街设施","红绿灯闯行，横冲直撞"
"过街设施","这里还需要一个红绿灯"
"自定义","苏州街地铁A口早餐车，超范围经营，卫生不达标，请有关部门调查"
"过街设施","湖光中街2号院门口是两个小区的主要出入口。行人特别多，以前路上的人行横道已经基本磨没了，给12345打过电话，基本无效，期待重新施划上，否则特别不安全，周边500米之内有三所小学，危险隐含很高。望可以尽早解决。"
"自定义","增加绿化，西晒严重，路边停车挤占自行车道，危险"
"安全步行空间","小区里私装地锁严重。无人管理。影响安排，也影响停车。"
"占道停车","巴沟地铁站附近占道停车现象比较严重"
"安全步行空间","33333333333333"
"过街设施","照片是在汪魏新巷南口和魏家胡同交接处图片是对着魏家西口照的这段路和汪魏新巷距离差不多可路面局部太黑我家42号原来没换路灯时挺亮的监控录像也很清楚可现在换了路灯这段视线不好监控也不是很清楚10月2号发生了持刀伤人监控拍到凶手但不是很清晰从这个路口望汪魏新巷灯火通明望魏家东也是很亮唯有这段赶快解决问题"
"过街设施","这是汪魏新巷 站在汪魏新巷和魏家胡同交接口拍的往魏家西方向就很黑 刚发生持刀伤人事件 因路段太暗监控录像看的不是很清楚 希望尽快解决"
"过街设施","这是站在汪魏新巷和魏家胡同交接口拍的 这是魏家东方向 新换的路灯间隔很短 所以街道很亮可往西口路灯间隔很长所以昏暗因只能发一张照片所以发了三次建议希望能重视尤其是给犯罪行为提供条件刚发生持刀伤人事件换路灯不就是给百姓提供方便为百姓服务吗现在可是给我们添堵了希望赶紧解决"
"照明与监控","四根柏胡同6号门前安装了一个育德社区用公益金支持的太阳能路灯，结果旁边7号院的居民说，晚上太亮！影响她们家楼上的鸽子睡觉！不让9号院的邻居安装，后来还是拆了，让街巷长带回了社区。"
"占道停车","四根柏胡同2号门前用废旧自行车占车位现象严重！周边居民意见很大！希望盛世威扬物业发挥作用！"
"安全步行空间","路况太乱了，路边乱八七糟"
"过街设施","路太宽过马路不方便了"
"占道停车","路边乱停现象严重！！"
"照明与监控","晚上很黑！！！！！！"
"自定义","停车不方便！！！！！"
"车辆超速","容易造成超速驾驶！！"
"占道停车","路边停车很多！！！！"
"自定义","黄鹅路车站不好找！！"
"自定义","车站没雨棚！！！！！"
"安全步行空间","一侧几乎没有人行道！！"
"自定义","真的有用吗？麻烦了，真的这边公交太少了，每次上班都需要走那么长的路才可以坐到543，快冬天了，真的很冷，麻烦看到的，可以再多增加几条公交线路吗，真的很不方便，谢谢"
"过街设施","百货商场出口占路，停车乱"
"占道停车","北向南辅路非机动车道长期被机动车违停霸占，非机动车行人等只能绕行，存在很大交通安全隐患，给人民群众出行带来麻烦。"
"自定义","早晚高峰上地进城目前只能路经信息路，公交车专用道占一条车道，造成严重拥堵，尤其是厢白旗桥南北。是否可考虑沿上地西路至信息路，到中关村北四环修建地下快速路或者高架桥快速路，中关村北大街由南向北在北五环设置引桥，方便由南向北进入五环"
"自定义","G7什么时候启动南延计划，南延至何处，能不能在荷清路设置出入口"
"自定义","月泉路与荷清路能不能修地下通道或高架桥，相联通"
"占道停车","中关村北大街，清华附中门口，上下班高峰期，占道停车严重，主路3条车道，能被接孩子的车停占去两条，严重拥堵。"
"安全步行空间","红灯停，绿灯行，安全出行"
"自定义","西直门和东直们换乘站行程太长，中间要当误很长时间"
"安全步行空间","上下课途中，总是有机动车。很危险。"
"过街设施","行人闯红灯的太多了。希望可以遵守群规。"
"过街设施","过街出行不方便，堵车。很影响。"
"自定义","八达岭高速西边龙域东二路和北京人家小区之间的路急需打通。这条道严重影响了八达岭西边的交通，给上学、上班的群众带来诸多不便，呼吁政府协调各个方面，尽快开通道路。"
"自定义","这里经常有拉货的绿色大车闯红灯，有一次擦着我的边就过去了，严重影响行人安全。"
"占道停车","饭点道路占道停车现象太多 影响出行"
"自定义","建议拆除建材城，然后昌平线南延19号线龙泽站放这里，因为京藏高速西边住户去地铁太绕了。同时北京人家南门出来是一条断头路，不能通往龙域中路那边，大大妨碍了居民出行，希望能多多改善民生，了解民意，真正做到为民着想，感谢"
"占道停车","行知路南大街冠庭苑西门与慧华苑东门约400米街道，今年春季开始有关部门″综合整治""以来，占道经营尤其是废品站几台货车占道收货、报刊亭等乱象未见明显好转。建议学习其他二三四线城市管理经验，对占道经营货车根据道路交通法规第163(？)送达处罚通知书！占道经营成本增加至主动放异为止，肯定收到良好效果！"
"占道停车","在北京人家东门外紧临京藏高建辅路旁的那条窄窄的小路。是几条公交和北京人家东边居民的必经之路。却永远在路两旁停满了废弃或占道的车辆。致使经过的车辆难以正常通过。"
"自定义","北京人家小区周边围满了修理汽车的车行，非常影响居民环境及出行。
再有，此小区周边无一居民可活动的场所。"
"自定义","西城区新街口东新开胡同32号原址，因为周边拆迁只剩下此处的一个公共厕所。最近因为解决快递占道经营的问题，此处修缮为快递集中存放货物和分拣的地方。将原来的公共厕所拆除，进行了改建和挪动。可是新建的厕所大门锁着，据说钥匙只分别给了在此处租用快递大棚的公司。附近的居民和508总站开车的司机师傅却无法如厕。"
"自定义","西四北头条和姚家胡同交叉口常年停放垃圾车。在胡同做废品回收。十分影响胡同美观卫生。虽然没有拍照但是希望相关部门能给予重视还我北京胡同一边干净和安宁！"
"安全步行空间","新修葺的西城区西海湿地步行道，看上去很美。但是却蕴含着安全隐患，木制步行道和沿湖行走的步行道，没有安装护栏，稍微人一多，就极易掉河里。近日我同事晚上遛弯时，以后救过两个落水的游人了。希望还是周围安装上护栏，除了景美安全也不可小区。"
"过街设施","这个问题我已经提交过了 一直也没有答复 也没有加装路灯 "
"过街设施","可在路口增设人行横道"
"自定义","自行车逆行较多，顺行有危险"
"自定义","建议在京包路东侧设置人行步梯和非机动车道，现状是京包路西侧有人行步梯，到交通高峰时京包路车多车速高，横穿马路行人和非机动车多，有严重安全隐患。京包路东侧每天都有大量行人和非机动车通行，已经踩出了一条路。"
"安全步行空间","公交站下车的地方旁边都是车，很不安全"
"占道停车","路边全是乱停车的，有的直接停在小区大门口"
"安全步行空间","步行环境有待优化，汽车尾气严重"
"过街设施","金榆路与朝阳北路交汇的丁字路口，由东向西方向仅在路口西侧有红绿灯，在路口东侧没有红绿灯，因此东向西车辆等灯时会进入路口区域，堵塞北向南方向转弯车辆，造成局部拥堵。建议在路口两侧都设置红绿灯，在红灯时禁止朝阳北路车辆驶入路口。"
"安全步行空间","建议东南方向增加一个地铁出入口，方便东南片区出行"
"自定义","路小车酒量大，上下班过个十字路口经常等待20分钟"
"安全步行空间","院内常年整修，影响出行"
"自定义","路小车流量大，过个十字路口经常等20分钟"
"自定义","产业聚集区，但交通道路很少，出行很不便利。建议增设地铁"
"安全步行空间","无自行车道，建议增设自行车道"
"自定义","给居民老百姓划停车位！为什么居委会的车不贴条！"
"照明与监控","照明出现问题111111"
"照明与监控","魏家胡同西口往东大约二百米这段新装的路灯间隔太远 这个问题我已提过 因为路段太过黑暗我家监控录像已经看的不太清晰了 十月二号晚发生了持刀伤人查看监控不是太清楚 既然让人们在此建议就应该能尽快解决国家整治街道是给老百姓提供方便而不是给我们添堵光提建议没人解决有个屁用原来灯距太远尽快加装一个"
"占道停车","建议学校附近可以增设公交站点"
"过街设施","过街路口太少了不方便过马路"
"自定义","希望这里能够打通二拨子新村北边这条断头路，连接京包路，缓解周边小区出行难题，现在只能走G6或是绕行北清路"
"自定义","这些保安堆在人行道上不影响通行码？"
"自定义","这里不知为什么一夜之间多了这许多建筑垃圾。影响市容和行人通行。"
"过街设施","自行车道为北边的小区龙兴园北区，北京人家，二拨子等大型社区预留出入口方便出行"
"自定义","停车费太贵，太贵了。。。。。。"
"过街设施","回龙观东大街，绿灯时间太短，步行过不去路口"
"过街设施","腾讯众创空间A座东门的十字路口的红绿灯🚥的绿灯周期太短了，横跨到一半就变成红灯了"
"占道停车","西城区新街口西里一区7号楼与万特珠宝城之间的道路，也就7米宽。道路两侧停满了车，近期万特珠宝城在道路边上新砌了一米高的墙，种上了灌木,。之前在道路堵死时,居民还能躲在路旁,现在砌好了墙我们实在是没处躲车，真的是很危险。我们希望能够将道路改成单向停车，或者不要在此处停车，还我们一个安全的出行环境。谢谢"
"占道停车","医院门口停车导致拥堵"
"过街设施","不好意思添麻烦了。。。。"
"照明与监控","南剪子巷路灯太少了，一片黑，由其是冬天来了老人和孩子出门更不方便了，望早点解决"
"安全步行空间","希望可以加宽人形横道区域"
"过街设施","车流量大，过街天桥少，不方便过马路"
"自定义","过街天桥太少，过马路不太方便"
"过街设施","陈经纶中学外的东大桥大路口应该增设过街天桥。目前的红路灯的时长也有问题。"
"安全步行空间","接孩子排队放学的步道略显拥挤，家长排好队后不太方便接孩子且接孩子存在安全隐患，建议同步增加摄像头"
"占道停车","街道太窄，占道停车严重，总是堵车，影响居民生活"
"安全步行空间","地铁口乱停乱放自行车，进出极为不便。"
"安全步行空间","车辆太多，孩子上学不安全"
"占道停车","车辆随便停在路边 占用了右转弯的道路和自行车道路"
"照明与监控","堵车严重，建议上学放学时间，车辆限流或者校门口2000米左右禁止停车。"
"占道停车","丰体时代小学旁边两侧 机动车长期占道 没有人治理，家长们自行车都只能上行人道停放"
"占道停车","十二中，丰台一小，丰台一幼都从这条路走，特别堵，加上小区把幼儿园侧面本应该是自行车的道路，也停车，又堵又危险"
"占道停车","占道停车严重，盼改善"
"占道停车","建议人行道加宽，能有停车位"
"过街设施","车辆较多，需要加装红绿灯"
"过街设施","希望可以延长红绿灯时间。"
"安全步行空间","道路太窄，停车位太过于缺乏"
"安全步行空间","路两边都停着车，安全行人道都停满车了，送孩子上学只能走马路，来车辆了，只能到安全行人道上，停着车辆之间的缝隙处等车辆过去，我们再从机动车道走"
"过街设施","早点距边挺放车太多无法通行"
"照明与监控","这里的监控录像司机好像知道是摆设，因为绿灯时照样不停而且飞速开过去"
"安全步行空间","乘文明车，走文明路，做文明人"
"安全步行空间","七条小学校地处胡同中间，道路狭窄，车量较多，安全隐患，交通不便。望有关部门重视。"
"过街设施","早点上下班金安桥北车太多无法通行"
"过街设施","没有过街天桥，人行横道信号灯等的时间太长。"
"安全步行空间","道路太宽，没有安装电子设施"
"过街设施","人流车流较大需要道路加宽"
"照明与监控","车速太快交易加装监控设备。"
"照明与监控","车流量大车速太快，建议加装限速设备。"
"占道停车","马路边上停车位少，没有地方停车。"
"自定义","地方偏僻，交通不方便，公交车发车时间间隔太长"
"照明与监控","车流量较大需要加装红绿灯"
"自定义","地方偏僻，交通不便利～公交车发车时间间隔太长。，"
"过街设施","道路过不便过于狭窄！"
"占道停车","违停太多，老是堵车，路段禁停"
"占道停车","控制共享单车乱停乱放"
"占道停车","路口红绿灯坏了，占道停车现象严重"
"自定义","道路复杂，增加路牌指示"
"占道停车","路边全是车，骑自行车上班很不安全。"
"过街设施","车流量太大，应该红绿灯时间长一些。"
"占道停车","违停车辆太多，建议多多清理。"
"占道停车","停车位太小，停不了车"
"占道停车","僵尸车太多，应该尽快把僵尸车清理"
"车辆超速","控制好速度不要超速。"
"占道停车","违停车辆太多，导致道路狭窄"
"车辆超速","放学时 ，过往车辆速度快"
"自定义","上学放学道路拥挤。。"
"自定义","道路窄，停车不方便，掉头困难"
"安全步行空间","早晚高峰堵车比较严重，少数违章乱停，为美好北京堤的一点小的建议"
"自定义","交通拥挤，停车不便。"
"自定义","会都门前没有车位，增加车位"
"占道停车","周边小区车位紧张，路边停的车多"
"过街设施","上下班车辆过多  拥挤"
"照明与监控","人流较大道路复杂需加装指示牌"
"占道停车","车辆随意停车建议车辆管理部门加大执勤力度"
"占道停车","违章停车多，没有电子眼"
"占道停车","会都门前增加车位，一变停车"
"自定义","道路狭窄，交通不便。"
"占道停车","车流量较大。建议红绿灯时间设置长一点。"
"占道停车","道路交通堵塞，出入不方便"
"占道停车","乱停车现象严重，无人管，影响出行"
"自定义","道路拥堵，人行车道车乱放，政府进行整改。"
"安全步行空间","也没什么太多说的就请司机尊守交通规定，礼让行人，天气冷了，请多体谅学生，不要急着赶路，你在车里有空调取暖，他们什么也没有，多体谅一下他们，谢谢"
"过街设施","车流大，车速较快需加装红绿灯"
"占道停车","占道停车，，，，，，。"
"过街设施","上下班   过于拥挤不方便"
"自定义","道路太宽，没有电子设备。"
"占道停车","车辆拥堵，需要整顿，，，，，"
"占道停车","车辆占道停车，行人不方便走路"
"过街设施","上下学孩子多  道 路不便"
"自定义","北京不叫私家车上主路道路就通了，道边车位就有,。"
"过街设施","小区门口没有照明设施  道口没有人行道 请求整顿一下"
"自定义","北京不让私家车上主路，道路不就通了吗！路边车位不就有了。"
"占道停车","道路交通，狭宅车辆过多？"
"自定义","车辆太多，建议单双号行驶！"
"安全步行空间","上下班少开车，做公交地铁"
"自定义","路边停车多，有施工不好通行。"
"自定义","车辆太多，建议单双号行驶！"
"自定义","车多拥挤且车速缓慢，难以提高工作效率"
"占道停车","立交桥上停车太多希望有关部门监管一下"
"占道停车","停车位少，没有地方停车，停车费高。"
"过街设施","上下学不方便，过于拥挤。"
"自定义","建议有专人管理，确保人民生命安全。"
"自定义","马路边上乱停乱放严重，需要重点管理"
"占道停车","停车位少，没地方停车，收费高，"
"车辆超速","经常有大车超速通过路口，很危险"
"过街设施","这里上下学学生多，没有天桥交通太堵。"
"车辆超速","早上晚上残疾人摩托车拉客现象严重。路窄很容易出事"
"占道停车","街上人多，公路两侧乱停乱放希望有关部门有所重视。"
"过街设施","这里没有天桥，上下学太堵。"
"过街设施","这里上下学太堵，没有天桥。"
"过街设施","路比较窄，不是很安全"
"过街设施","上下学太堵，行人不方便。"
"自定义","道路太宽，电子设备不足"
"占道停车","小黄车太多，堵住马路上了。"
"占道停车","希望能多点停车位，便于接送孩子"
"占道停车","车站边车辆停电电动车乱停乱放。"
"照明与监控","太暗了找不着北了，学校边上这"
"自定义","人流车流太大道路需要加宽"
"过街设施","人流车流量大，街道过窄"
"自定义","道路复杂，需添加指示牌"
"占道停车","停车有序！给孩子一个上学通畅的路"
"过街设施","再多几个过街天桥就好啦"
"自定义","人行道占用车辆，道路狭窄！"
"过街设施","车多，人流量大，却常年没有设置红绿灯。厢黄旗东路是早晚高峰的必经之路，来往小区和对面小公园的多是老年人和小孩，非常不安全。"
"安全步行空间","缺少安全步行设施，希望加以改善"
"自定义","道路复杂，须添加指示牌"
"自定义","道路复杂，需要添加指示牌"
"自定义","路边车多，同行很是不方便"
"占道停车","路边停车严重影响交通有关部门加大执法力度"
"占道停车","路两边车太多，希望相关部门加强管理"
"安全步行空间","上下班时间禁止走交通要道。"
"占道停车","希望广大司机别挤着行驶"
"自定义","路道拥堵，人行车道车乱放，政府进行整改。"
"过街设施","这里在修马路，没有警示牌。"
"自定义","道路拥堵，人行车道车乱放，政府进行整改。"
"安全步行空间","路口没有照名设备，没有认行道"
"自定义","因为学校接送学生违规停车，影响交通"
"自定义","路上车辆多人多安全第一"
"自定义","道路拥堵，人行车道乱放车，政府进行整改"
"自定义","车辆占用人行道，车辆严重堵车，政府进行整改"
"自定义","道路交通，狭窄车辆过多"
"过街设施","严重堵塞，影响行人车辆通行"
"占道停车","道路拥堵，人行车道车乱放，政府进行整改。"
"自定义","自行车乱放严重影响交通，要求相关部门进行整改"
"自定义","道路上没有路灯 有些不便"
"自定义","路边车太多路边乱停车"
"自定义","接送学生家长违规停车，导致同行困难。"
"占道停车","车辆路边随意停放，严重影响交通。有关部门加大整治力度"
"自定义","自行车乱放，人行道乱车，要求相关部门进行整改。"
"占道停车","堵车太严重了，公交车过不来。"
"安全步行空间","道路存在安全隐患，没有路照名，没有，行路，"
"占道停车","路边停车严重影响交通，有关部门加大值法力度"
"自定义","路边违规停车太多。影响交通。"
"自定义","道路拥堵人行道乱放车需要政府整改"
"安全步行空间","路太窄车多，学生上下学不安全"
"安全步行空间","路口没有路灯，没有人行道，"
"自定义","路边车辆乱放，不好行走"
"自定义","人行道乱放自行车导至交通拥堵，要求相关部门整改。"
"自定义","道路拥堵，人行车道乱放车，政府进行整改"
"自定义","路边车辆乱放，请执法部门加上管理"
"自定义","道路拥堵人行道乱放车需要政府整改"
"安全步行空间","路边停车严重影响交通安全"
"自定义","学生上学导致道路交通拥挤"
"自定义","车辆乱放严重影响交通要求相关部门整行"
"自定义","学生上学导致道路交通拥挤"
"自定义","车辆乱放，非常不好行走"
"占道停车","车辆随意停放严重，影响交通安全，希望相关部门加强管理。"
"自定义","路边车辆太多，希望有关部门加强管理"
"占道停车","车辆违章停车，影响交通，"
"自定义","自行车乱放因严重影响交通要求相关部门进行整改。"
"占道停车","车辆随意停放严重影响交通安全，希望有关部门加大整治力度。"
"自定义","路边车太多，希望相关部门加强管理"
"占道停车","路边停车严重影响交通，有关部门加强执法力度"
"占道停车","上下班乘坐公交车地铁步行奇自行车"
"安全步行空间","路面停车较多，应加强管理"
"占道停车","非机动车乱停乱放严重夜间出行很麻烦。"
"占道停车","上下班乘坐公交车和地铁奇自行车多建设一些停车厂"
"占道停车","学校周边私家车乱停，没有专门的停车位，学生放学危险"
"占道停车","车辆随意的停放影响交通安全，希望有关部门加强管制。"
"占道停车","道路堵塞，，，，，，，，，，"
"占道停车","接学生车辆违章停车，应该设置专门的停车位"
"自定义","道路交通，狭窄车辆过多"
"自定义","车辆比较多多，道路狭窄，停车位不够"
"自定义","道路交通，狭窄车辆过多"
"自定义","道路交通，狭窄车辆过多"
"安全步行空间","行人闯红灯严重，造成车辆通过困难"
"自定义","道路边私加车乱放影响交通望有关部门进行整改"
"过街设施","黄奕路口每次回来的时候，路口堵的水泄不通，短短的路口就要登上一个小时左右才能过这个路口"
"占道停车","车辆乱停放影响交通安全望有关部门加强整冶。"
"占道停车","车辆随意停放影响交通安全希望有关部门加大管制力度。"
"自定义","私家车乱放乱放严重影响交通望有关部门进行整不改"
"自定义","私家车乱放在道旁严重影响交通望有关部门进行整改"
"自定义","道路交通，狭窄车辆过多"
"自定义","人行道上自行车乱放，严重影响交通，有关部门进行处理。"
"过街设施","私家车乱放，如果能够有特定停车区域就好了"
"自定义","学生上学导致道路拥挤堵塞，"
"自定义","道路两旁乱停车严重影响交通有关部门进行整改"
"自定义","路边乱停车，严重影响过往车辆正常通过。"
"过街设施","道路交通，狭窄车辆过多"
"过街设施","施工时间太长，道路狭窄，不利于车辆顺利通行"
"占道停车","把车挪走，让道路顺利通行"
"占道停车","大马路都变成停车场了"
"占道停车","因为挨着积水潭医院，来看病的车一早就开始排队，导致附近的马路两侧随意停车，有时停两排，把自行车都挤到路中间行驶了。很不安全。"
"车辆超速","感觉红绿灯变换时，司机无视黄灯的存在能否稍稍停留，待灯确定变成绿灯时再踩油门呢！"
"占道停车","车辆乱停乱放，望完善一下。"
"占道停车","上班下班或平峰期间，新宫地铁站A口，私家车违规停车拉拢乘客，大喊大叫，公交车不得不停在中间车道上下客，导致只有一个车道行车，每次都堵"
"占道停车","私家车占车道现象严重 学生上下学特别不安全 家长接送孩子也是经常堵半天"
"占道停车","学校出口马路窄 汽车接送孩子不方便"
"安全步行空间","路边停车较多，学生步道经常被占，建议整顿人行道上随意停车"
"过街设施","改变道路交叉口多拐弯线"
"安全步行空间","云岗路囗行人过马路不方便"
"安全步行空间","定福庄北街人行步道狭窄，行车道狭窄，路两侧乱停车严重"
"过街设施","每天接送孩子的时候，道路狭窄，照明设施不完善，指示牌不明显"
"安全步行空间","接送孩子的时候家长等待的地方和区域太小，如果可以将区域扩大一点就好了"
"过街设施","道路拥堵严重，虽然路旁已经有了行车线路划分，但是道路狭窄，建议扩宽些和多些指引"
"车辆超速","在这里设置车辆限速，及时刹车保障孩子安全。"
"占道停车","1.校园周边的私家车乱停，没有专属的停车区域。如果能够有特定停车区域就好了


"
"占道停车","校园周边私家车乱停乱放，没有专用停车位"
"占道停车","接送孩子不方便，占道严重。"
"占道停车","接送孩子不方便，占道太严重，路灯太暗。"
"安全步行空间","没有停车的地方，安全行走空间需加大"
"安全步行空间","需要➕安全行走空间，停车位比较少"
"安全步行空间","育才小学门口道路拥挤，机非混行。"
"安全步行空间","在这里增设或改善安全步行空间"
"占道停车","接送孩子～周边路太堵，自行车占道太严重。"
"占道停车","学校门口是丁字路口，上下学占道停车，交通路口较窄"
"安全步行空间","育才学校校门外的商店每天早晨都要把摊位摆出来，使并不宽敞的人行路更加拥挤"
"安全步行空间","保障孩子们的安全，建议减速或设立红绿灯🚥"
"车辆超速","这里有四所学校，分别有小学中学，初中以及大学，如果限速会更好。还有就是电三轮的交规管制。"
"占道停车","占道停车，希望300米内路边禁停"
"自定义","学校门口黑车泛滥成灾 严重影响安全 胡乱收费成灾"
"占道停车","太多黑车堵在学校门口 能不能解决了？！"
"自定义","黑出租严重。。。。。"
"安全步行空间","无过街设施。。。。。"
"占道停车","房后车辆过多，小区停车费高，旁边店铺占用道路位置，不同意搬迁"
"车辆超速","大车太多了，蹦蹦太多了，交通混乱"
"占道停车","学校附近的黑车是真的太多了，不遵守交通规则，闯红灯，逆行"
"安全步行空间","道路太狭窄，过道停车，孩子没有步行空间"
"过街设施","出校门孩子步行不安全，需要增加安全措施"
"安全步行空间","步行空间不安全，缺少安全设施"
"占道停车","徐悲鸿中学占道停车。"
"照明与监控","接送孩子的时候，有的时候额，车辆占道的情况比较严重，没有专属的自行车停放区域。嗯，希望这方面可以改善。
"
"安全步行空间","学校门口就是马路路窄车多"
"自定义","寻找周边应该有地铁啊，最起码的设施了吧，做个地铁还要跑到30公里外的天宫院"
"过街设施","车辆太多，孩子上下学车辆拥堵"
"安全步行空间","缺少停车位，接孩子不方便。"
"自定义","麻烦把顺55路的班次合理规划一下，周末高峰期多发车"
"自定义","学校门口黑车较多，经常堵在学校门口，影响交通。"
"自定义","附近缺少娱乐项目。。"
"照明与监控","在夜晚照明情况需要改善"
"自定义","出行不便，公交车班次太少，校门口只有黑车"
"过街设施","多种树木花草，有利于改善环境，~~"
"过街设施","学校附近应该有人行通道，为学生的安全考虑。"
"照明与监控","图书馆的监控设置不完善"
"自定义","出了校园门口黑车太多"
"自定义","没有高配置网吧  外卖不好吃"
"照明与监控","希望可以多弄几个路灯"
"照明与监控","就晚上还挺黑暗的，希望能增设照明和监控，安全一点"
"车辆超速","车开的太快，，过马路吓人"
"照明与监控","缺少购物中心，路道太过于阴暗，晚上独自出行不够安全"
"过街设施","就都挺好的，就是栏杆有点多太麻烦了了看着还难受"
"照明与监控","娱乐场所过少，交通不方便。"
"照明与监控","此处车辆行人较多，又因有很多培训机构，所以应增设交通协管。"
"自定义","改善道路停车制度，以方便停车"
"占道停车","此条街道，经常反复维修，占道严重。又挨着西什库小学，放学的时候堵车，又路面又有泥土，施工的人也多。应该限制占道停车。"
"照明与监控","希望增设监控，让大家能够文明用马路"
"安全步行空间","路边停车太多，小区周边路太窄"
"自定义","学校门口黑车太多，影响校门口交通顺畅，危险系数较高"
"占道停车","下学校门口车辆较多，建议增加道路秩序维护工作人员"
"占道停车","小区可以开发地下车库，减少占道停车，让行人更安全"
"过街设施","公交太少了，出行不方便 只能靠黑车"
"占道停车","大量违规停车在这边，影响交通。"
"安全步行空间","天天堵车堵的水泄不通。"
"过街设施","太乱了希望可以改善谢谢"
"过街设施","十字路口，车流量大。假如有过街天桥或地下通道，学生上学放学安全更有保障。"
"占道停车","学校门前道路交通乱，汽车占道停放，自行车随意码放，接孩子时造成道路拥堵"
"安全步行空间","共享单车乱停乱放希望可以改善"
"安全步行空间","学校门口紧邻马路，每天放学家长拥堵在门口，占据了正常的人行道。接孩子的车辆停放在马路边，造成道路拥堵。有的孩子自己骑车回家，容易碰撞行人或过往车辆，大大增加了安全隐患。建议放学期间增设保安及交通协管，学校附近增设临时停车场。"
"占道停车","有些车乱停希望可以改善"
"车辆超速","车开的太快了跟开飞机似的
"
"过街设施","十二中路口建议安装红绿灯"
"安全步行空间","路口往南100米左右，城铁下豁口希望封好，总有人横穿马路，太危险"
"占道停车","学校道路两边停放的车辆太多了，孩子上学经常拥堵！撞车。有时能撞到学生。我说的是实验二小这边，尤其是红绿灯下转弯处，道路本来就窄，再加上有些人把车就停在马路中间占道，马路两边也都是停放的车，接送孩子就是个问题。"
"占道停车","该路为单行道，路宽6米左右，且两边长期停放车辆，就剩中间一条路了，右临丰台医院，后面是丰台一小，一到上下学路边就停满了各种车辆、三轮、电动车等，严重影响了道路通行，请相关部门重视一下，两边停车拟收费模式，解决车辆乱放，道路畅通问题，谢谢！"
"过街设施","占道停车特别多。孩子上下学。非常不安全。大悦城门口的红绿灯边车多人多。需要安全疏导员。"
"安全步行空间","实验二小接送孩子的行人辅路盲道等路线乱停放车辆太多，把道路都占满了。希望有关部门处理下。"
"占道停车","停车位不充足，早上送孩子，路上哪哪都是车，自行车都要下车推着走！"
"车辆超速","接送孩子上学了的路上，电动车，快递车，速度太快！"
"安全步行空间","路口四面的步行的指示灯早高风时有时变得特别快，有时从70多秒的显示一下就变红灯，让许多人摸不着规律。四面的车人有时都堵在路中间，无法通行，很危险。周围有四五所中小学校，许多孩子都需要过马路，步行的骑车的很多，但也有的时候通行时间安排的比较合理，不会拥堵，不知这个路口的通行控制灯为什么总变。"
"过街设施","学校门口没有过街通道，周末都是小孩子要绕很远很远，希望增加过街通道"
"安全步行空间","停车太费劲，总拍照，没有接孩子停车的便利场地"
"车辆超速","总有跑车炸街 影响休息 容易造成交通危害"
"自定义","没有地铁 交通不方便 交通落后 路费昂贵"
"过街设施","到冬天雾霾比较严重，应该多加几个路灯"
"过街设施","冬天雾霾比较严重，为了保证学生安全，应该多加几个路灯"
"占道停车","乱停乱放 许多车辆占用公交车站点 严重影响公共交通"
"过街设施","冬天雾霾比较大，为了保证学生安全，应该多加几个路灯"
"过街设施","科德学院到马路对面增加斑马线"
"照明与监控","晚上照明设施不足 晚间出行容易造成危险"
"自定义","送孩子上学路途中红绿灯太多，等待时间过久。如果有效改善一下就不至于总迟到了
"
"安全步行空间","希望学校可以将步行街道加宽，现在有点狭窄"
"占道停车","道都被车占了，不好走，希望规范停车"
"占道停车","车多路窄经常堵，路面不平到处坑，卫生差，路面脏，栅栏破损，大车占道，行人走路危险，非常不方便"
"过街设施","没有红绿灯的监控摄像头，有汽车创红灯的。"
"占道停车","学校周边常年占道停车！开始是一侧停车。现在是两侧停车！家长接送孩子人车混行太危险。骑车没地方躲。"
"照明与监控","独栋楼 院里黑 希望安路灯 及监控 "
"过街设施","希望增加人行横道和红绿灯"
"占道停车","路边占道停车，每天早上都造成拥堵，很多都说送孩子的，太乱了，自行车过去都费劲"
"照明与监控","我家这里道路两旁都是参天大树，虽然有路灯，但都被树遮挡住了，夏天还好说，冬天天黑的早，这条路就显得很黑，希望有关部门能采取调整路灯高度或增设路灯或修剪大树，避免遮挡路灯的方法来解决这条道路的照明问题"
"占道停车","每天放学就会有大量的车辆占满道路，可以维持半个小时左右，危险系数很高。"
"占道停车","林大北路路边有自行车的隔离带，结果很多汽车停在隔离带外面，就给机动车留下仅够一个车身通过的地方"
"过街设施","这个大十字路口西向北方向的灯总是比东向南转弯方向的灯慢十秒左右，希望能调成一致。因为和一般认知不一致，很容易引起闯红灯，从而导致事故！"
"过街设施","这个地方桥下车辆由南向北行驶时容易走到右侧逆向车道中，希望地面和空中增加交通标识，帮助汽车认清道路。另外，本段道路经常有收废品车辆占道，喜欢监管部门能将他们妥善安置"
"安全步行空间","地下通道在修 过马路无人行道 无红绿灯"
"照明与监控","这段路路面凸凹不平，而且经常有玻璃石子之类的物体散落在地面上，且缺乏照明设施，容易引起事故。建议整修道路，增加照明设施，并增加道路清洁频率。"
"照明与监控","这儿的喷泉附近缺乏照明，而且喷泉周围有一小圈凸起挡水的部分，不容易察觉。上周骑车经过时就摔了一跤。"
"占道停车","小区里在一些狭窄的拐弯位置也设置了停车位，非常影响司机视角，容易引发事故，而且容易发生剐蹭和堵车。建议去掉小区道路旁的一些汽车停车位，改为自行车电动车停车位。然后把小区东边的自行车停车位改为汽车停车位。"
"安全步行空间","孩子们上下学高峰，增设步行空间"
"自定义","近几个月无数大型渣土车都改道走田村北路，路南边全是居民区，北边是公园和幼儿园，人口密度相当大，由于没有监控设施，渣土车在这条路上肆意闯红灯，超速驾驶，平均5分钟一辆的频率，严重扰乱了周围居民的生活，最近以这为中心周围已经发生了渣土车造成的4死一伤事故，居民们惶惶不可终日，连过马路都成了高风险行为。"
"自定义","车辆行驶速度较快，抢道现象严重，存在安全隐患"
"占道停车","小区内部道路任意停车，堵塞消防通道"
"安全步行空间","行车占道问题严重，学生上下学很不安全，红绿灯人多车多"
"自定义","孩子上下学非常不安全，占道停车很多，红绿灯边车多人多。需要安全疏导维护交通秩序"
"自定义","孩子上下学不安全，占道停车很多，红绿灯边车多人多，需要安全疏导，维护交通秩序"
"过街设施","提高新建和改造人行街道的设计等级，市政和通信井盖也应配套使用相应等级的井盖，多增加一些健身设施"
"占道停车","改善占道停车，提供通畅道路"
"占道停车","希望路边不要停太多来车。"
"照明与监控","路灯不开，周边小学，幼儿园居多"
"安全步行空间","这所学校校门口的道路窄小，还总有车辆穿行，孩子上下学非常不安全。学校附近的路况照明也不是很好。"
"安全步行空间","环境不错，挺好的，继续努力"
"占道停车","学生上下学人流量比较大，建议车辆尽量少占道停车，影响行人正常行走。"
"占道停车","车辆占道问题严重，严重影响孩子的出行安全，红绿灯人多车多，对孩子的安全问题没有保障"
"自定义","应注意公共设施和卫生的管理"
"安全步行空间","上下学期间，安全步行空间小，道路交通拥堵"
"过街设施","安装红绿灯学校路口，更安全"
"过街设施","这里车辆比较多，而且学校周围小区也比较多，上下学人流量也比较大，减速带应该多安装几个，还有交通疏导员也要多派出几名，"
"照明与监控","路灯亮度稍低垃圾较多"
"占道停车","占道停车这个现象希望可以多多缓解"
"占道停车","挨着四环路，希望学校门口改门，不要在马路边上，每天上下学堵的要死。"
"占道停车","路边随便停车占用自行车道，造成交通堵塞"
"占道停车","马路边机动车占道现象普遍，形成走路特别不方便也不安全"
"安全步行空间","安全步行空间小，要加大安全步行空间。"
"车辆超速","此处为学校区域，应严格监控车速，保证学生安全。"
"过街设施","开车太快，地面不是很干净"
"占道停车","限速行驶 为居民着想"
"过街设施","人流较大 建议完善行人步行路线 红绿灯时间略长"
"安全步行空间","马路宽，绿灯时间短，孩子脚步慢。需要交警注意孩子过马路时的安全"
"过街设施","社区人流较多并且有好多老人去幼儿园接送学生，建议完善行人步行街道， 整改红绿灯时间"
"占道停车","占道停车希望可以了解一下"
"自定义","东赵村幼儿园，接送孩子上幼儿园不方便，道路本身就不宽敞，路边还停放很多车辆，每天接孩子这段路都挺拥挤的，希望汽车在接送孩子的时间绕行一下。"
"安全步行空间","增加步行空间，保障安全"
"自定义","改善交通拥挤，车辆停放在指定区"
"占道停车","加监控，让交警多巡逻"
"占道停车","占道停车现象太多希望多改善"
"占道停车","增加一些停车位，禁止占到占道停车"
"自定义","路上车太多，超堵，建议红灯变换快点。"
"过街设施","路上车太赌建议红灯变快点。"
"照明与监控","照明设施再完善一点就更好了"
"占道停车","占道停车现象太多，需要改善"
"过街设施","学校路段禁止鸣笛，注意学生安全。"
"占道停车","街道旁边占道停车需要管理一下"
"安全步行空间","步行空间大一点，确保安全第一，谢谢"
"过街设施","道路设施不齐全车位少。"
"占道停车","占道停车下线太麻烦。"
"占道停车","交通拥挤，车辆占地严重"
"占道停车","道路停车混乱。影响学生上下学安全。"
"自定义","多增加停车位，别的都还好"
"过街设施","路况不好，注意学生安全感都没有。。。。"
"占道停车","车辆很多，学生也很多，没有秩序，很堵"
"过街设施","小学生过马路太不安全，有个别司机总是不注意行人，建议有人指挥一下交通"
"自定义","放学时间点车流量过大，道路堵塞，应该多增加交警疏通道路"
"过街设施","完善设施过街的设施，使标志牌更加突出醒目，保证安全"
"过街设施","学校放学后，接孩子的多，车多，乱停乱放，堵啊，孩子行走安全方面也需要志愿者协助指引安全！"
"占道停车","占道停车严重，希望有关部门监管一下。"
"车辆超速","汽车行驶速度过快，建议减速慢行。"
"过街设施","安全学生路段注意安全安全。。。。。"
"安全步行空间","车辆请减速慢行
请勿紧急刹车"
"过街设施","学生路段，请减速，勿鸣笛"
"安全步行空间","车很多，而且普遍车速过快，很危险。"
"过街设施","学校路段静止鸣笛
挺好"
"自定义","交通有些拥堵 希望能够改善"
"安全步行空间","建议这里有专人加强管理，确保旅游人观赏"
"安全步行空间","上下学高峰期增加交警，进行安全指挥，使学生安全步行空间增大"
"安全步行空间","整体还算可以的，已经有改善了"
"自定义","一到接孩子时间就很堵，路面卫生很差"
"占道停车","增加交警指挥交通，设置临时停车位，减少接送孩子占到停车现象"
"照明与监控","增加监控设施。监督来往车辆"
"占道停车","学生放学时学生很多，车辆也很多，很拥挤，堵车很严重"
"占道停车","小区对面三小早晚上学高峰期乱停车 经常堵车."
"自定义","学生上下学安全问题 。
安排指挥员"
"占道停车","违停严重，应增设行人标识"
"自定义","学生上学放学注意安全 行车减速慢行"
"自定义","学生上下学注意安全 行车减速慢行"
"自定义","学生上下学注意安全 行车减速慢行"
"安全步行空间","学生上学放学太危险希望关注"
"自定义","每次送孩子上学放学都特别拥挤 希望有所改善"
"自定义","多来一些警察在学校门口维持秩序"
"自定义","有些家长车速太快，希望在学校周边立上限速标志。"
"安全步行空间","车速过快，学校附近本身学生就多，学生安全没有保障，希望在学校周边立上限速标识"
"安全步行空间","学校周边乱停车现象严重，设立专属停车区域，"
"占道停车","这附近多设置停车场，车越来越多占道停车非常严重，这样特别影响行人走路的安全"
"照明与监控","学校附近应该多一些照明工具和监控等设施保证学生们都安安全全的回家"
"照明与监控","辅路没有照明，窄处坑洼路段容易受伤，"
"过街设施","出门不   方便面宏观经济江湖救急"
"过街设施","学校附近禁止鸣笛，谢谢合作"
"过街设施","关于交通拥挤，是真的，等不到公交车，很难打车"
"安全步行空间","步行区域小，车辆占用步行道路 管理设施和人员需要加强管理，建议严加管理"
"过街设施","接孩子的时候总是需要过红绿灯，车辆又较多。如果在就近增加过街天桥就好了。希望有关部门能够反应"
"安全步行空间","马路杀手太多，不好过人"
"过街设施","应加设红绿灯等交通设备以此更好地保障交通安全。"
"过街设施","丰台区刘家窑建邦华府骏苑"
"过街设施"," 占道停车没有专门停车地方车辆乱停，特麻烦。"
"安全步行空间","行人过道空间少，周围乱停车不方便。"
"照明与监控"," 路灯设施不够完善。希望能有所改进。"
"车辆超速","车辆来的太快，学生不安全"
"照明与监控","希望学校家长等候区可以安装监控系统"
"过街设施","车辆过多，对孩子安全没有保障，应设有保障人员"
"照明与监控","希望在家长等候区可以安装一些监控系统"
"车辆超速","有些家长的车速过快。希望在学校附近增加限速标识"
"过街设施","车辆注意行人 尤其带孩子的 要礼让行人"
"照明与监控","没有人行的红绿灯真的很危险"
"过街设施","学校安排护送孩子过马路"
"自定义","各位宝爸宝妈，大家好。这是一份学安全上学路的调查。调查目的是为了排查现有的学校周围交通设施、占道情况、车辆超速控制、过街设施、照明设施等内容。目标区域是丰台、海淀、东城、西城、朝阳。整个调查意见是为学校周边交通整治方案做参考。有劳大家根据自己孩子学校附近的情况给予宝贵的建议。谢谢大家。识"
"安全步行空间","上下学期间，道路拥堵"
"占道停车","占道情况需要大大的管理一下"
"照明与监控","希望学校家长等候区可以安装监控系统"
"照明与监控"," 希望学校家长等候区可以安装监控系统"
"照明与监控","希望学校家长等候区可以安装监控系统"
"过街设施","车辆排满街，孩子怎么可能有保证呢"
"过街设施","车辆排满街，孩子安全怎么可能有保证"
"照明与监控","希望学校家长等候区可以安装监控系统"
"照明与监控","希望学校家长等候区可以安装监控系统"
"照明与监控","希望学校家长等候区可以安装监控系统"
"照明与监控","嗯， 希望学校家长等候区可以安装监控系统"
"照明与监控","建议城市减少雾霾，对居民身体损害严重，物价，房价太高，居，工资太低，居民压力太大。"
"照明与监控","物价房价太高，居民买房，生活压力过大。环境污染，雾霾严重，上级该重视百姓的生活质量。"
"照明与监控","照明不是很完善，监控也有盲区。建议可以改进一下。"
"占道停车","影响行人，道路堵塞，占用非机动车路。"
"占道停车","乱停车太多，导致路面狭窄"
"过街设施","多过设施少鸣笛减速，，，，"
"过街设施","完善交通标志、安装电子抓拍系统。"
"安全步行空间","本身学校的家长等候区就小，还和自行车电动车在一个区域。太狭窄需要增加步行空间"
"过街设施","堵车严重，人行道太窄了"
"过街设施","就近增加过街天桥，希望有关部门能够反应"
"安全步行空间","等候区太狭窄，需要增加空间"
"占道停车","学校门外没有专属停车区域，停车特别麻烦"
"车辆超速","有些家长车速太快，希望路边设置限速标识"
"照明与监控","希望学生家长等候区可以安装监控"
"安全步行空间","安全步行空间
本身学校的家长等候区就小，还和自行车电动车在一个区域。太狭窄需要增加步行空间。"
"占道停车","学校门外没有专属停车区域，很多车辆乱停特别麻烦"
"占道停车","学校门外没有专属停车区域，很多车辆乱停特别麻烦
"
"过街设施","环境好，设施完备，可以在一定程度上增加环境和休息设施"
"过街设施","总是需要过红绿灯，车辆又较多。如果在就近增加过街天桥就好了。希望有关部门能够反应
 "
"照明与监控","希望学校家长等候区可以安装监控系统"
"过街设施","希望有关部门增加天桥"
"安全步行空间","太狭窄需要增加步行空间"
"过街设施"," 过街设施
     接孩子的时候总是需要过红绿灯，车辆又较多。如果在就近增加过街天桥就好了。希望有关部门能够反应
"
"占道停车","建立专属停车区，学校附近没有停车区"
"车辆超速","家长车速太快，立上限速标识"
"照明与监控","希望学校家长等候区安装监控"
"过街设施","环境优美。
建议可以增加一些休息和环境设施"
"照明与监控","需要完善照明与监控设施。"
"安全步行空间","汽车停靠太多，严重占用人行道。"
"照明与监控"," 希望学校家长等候区可以安装监控系统"
"车辆超速","有些家长车辆超速 希望添加限速标识"
"过街设施","道路拥挤 人行道拥挤"
"安全步行空间","建设安全步行空间，手动红绿灯"
"过街设施","接孩子的时候总是得过红路灯"
"过街设施","希望学校家长等候区可以安装监控系统"
"过街设施","1.      过街设施
（1）     接孩子的时候总是需要过红绿灯，车辆又较多。如果在就近增加过街天桥就好了。希望有关部门能够反应
 
2.      安全步行空间
本身学校的家长等候区就小，还和自行车电动车在一个区域。太狭窄需要增加步行空间。
 
 
3.      占道停车
学校门外没有专属"
"过街设施","接孩子的时候总是需要过红绿灯，车辆又多。如果在就近增加过街天桥就好了。希望有关部门能够反应"
"照明与监控","希望学校家长等候区可以安装监控系统"
"安全步行空间","有些家长车速太快，希望在学校周边立上限速标志"
"车辆超速","有的车车速太快，行人比较危险，希望能有车速限制"
"安全步行空间","
本身学校的家长等候区就小，还和自行车电动车在一个区域。太狭窄需要增加步行空间"
"过街设施","接孩子的时候总是需要过红绿灯，车辆又较多。如果在就近增加过街天桥就好了。希望有关部门能够反应
"
"占道停车","学校门外没有专属停车区域，很多车辆乱停很麻烦"
"占道停车","接孩子的时候没有方便的停车位，极易造成拥堵和交通事故"
"过街设施","总是需要过红绿灯，车辆又较多。如果在就近增加过街天桥就好了。希望有关部门能够反应"
"照明与监控","    接孩子的时候总是需要过红绿灯，车辆又较多。如果在就近增加过街天桥就好了。希望有关部门能够反"
"安全步行空间","道路交通安全法实施条例设施建设工程系不完善"
"安全步行空间","学生们放学时家长和学生集中在一起，这个时间段人流量特别大，需要进一步增设安全步行空间。"
"安全步行空间","多加点摄像头，完成基础设施基本建设"
"过街设施","1.      过街设施
 接孩子的时候总是需要过红绿灯，车辆又较多。如果在就近增加过街天桥就好了。希望有关部门能够反应"
"照明与监控","希望学校家长等候区可以安装监控系统"
"照明与监控","希望学校家长等候区可以安装监控系统"
"过街设施","  接孩子的时候总是需要过红绿灯，车辆又较多。如果在就近增加过街天桥就好了。希望有关部门能够反应
 
"
"过街设施","

本身学校的家长等候区就小，还和自行车电动车在一个区域。太狭窄需要增加步行空间。"
"自定义","红绿灯最好可以时间短一点，然后最好增设交警指挥。"
"照明与监控","1.      过街设施
（1）     接孩子的时候总是需要过红绿灯，车辆又较多。如果在就近增加过街天桥就好了。希望有关部门能够反应
 
2.      安全步行空间
本身学校的家长等候区就小，还和自行车电动车在一个区域。太狭窄需要增加步行空间。
 
 
3.      占道停车
学校门外没有专属"
"照明与监控","这里有些街道比较偏暗，晚上出行不太方便，希望增加一些照明设施。如果这样的话，人们的出行会更加方便，尤其是晚上。"
"过街设施","有些家长车速过快  希望添加限速表识"
"过街设施","有些家长车速过快 建议添加限速表示"
"车辆超速","建议应该添加一个导航指南，适应那些路痴，或者刚到北京的人。"
"占道停车","车太多，开车特别费劲，每天提心吊胆，很烦"
"照明与监控","小区路窄，监控少，不能覆盖"
"过街设施","有些家长车速过快 建议添加限速标志"
"过街设施","希望建设可以更加方便快捷，更加人性化"
"过街设施","（1）     接孩子的时候总是需要过红绿灯，车辆又较多。如果在就近增加过街天桥就好了。希望有关部门能够反应
 
2.      安全步行空间
本身学校的家长等候区就小，还和自行车电动车在一个区域。太狭窄需要增加步行空间。
 
 
3.      占道停车
学校门外没有专属"
"过街设施","设施很好，只是高峰路段容易出现拥堵现象，望增加管理"
"安全步行空间","本身学校的家长等候区就小，还和自行车电动车在一个区域。太狭窄需要增加步行空间。
"
"照明与监控"," 照明与监控
希望学校家长等候区可以安装监控系统"
"车辆超速","第一：上学时电动车和自行车会在人行道上骑行严重存在隐患，有一天早上竟然一辆电动车碰到了一个上学的小男孩。
第二：道路两旁临时停车比较多，在放学时随便停放，孩子们过马路虽然带了小黄帽但并没有车辆礼让"
"过街设施","小区门口街道窄，因为车位不够，道路两边停满了车辆。"
"占道停车","看通行能力，有压力可以增设车道来缓解下"
"照明与监控"," 照明与监控
希望学校家长等候区可以安装监控系统
"
"过街设施","过街设施不太完善，完善一下就好了，蟹蟹"
"安全步行空间","附近没有十字路口，过马路不方便，希望架设过街天桥"
"安全步行空间","步行空间太少，能不能扩大一点，很不安全的。"
"车辆超速","多设几个摄像头，多设几个红绿灯加强交通管制"
"照明与监控"," 照明与监控
希望学校家长等候区可以安装监控系统"
"照明与监控","照明有一点暗，尤其是半夜的时候很容易看不见的啊"
"自定义","车辆拥堵，照明时间过段，希望相关部门能尽快解决。"
"安全步行空间","希望能加大对这种人多的地方的设施的加强力度～"
"照明与监控","监控太少了，路上发生什么都看不清，建议多安装监控"
"安全步行空间","希望能更加完善一下基础设施建设，让人民生活更好"
"车辆超速","应从重处罚车辆超速行为，这样效果才明显，同时对超速人员进行安全教育。"
"过街设施","对面的马路边上公交站牌坏了，需要修改"
"自定义","感觉这边的人多很杂，而且道路并不是应有的那么宽，希望治理一下啦"
"过街设施","
（1）     接孩子的时候总是需要过红绿灯，车辆又较多。如果在就近增加过街天桥就好了。希望有关部门能够反应
 
"
"安全步行空间","感觉这的斑马线不太明显，希望重新涂一下，这样安全度会提高很多的啦。"
"过街设施","挺好的，过街设施比较完善，很喜欢这里"
"安全步行空间","感觉这的斑马线不太明显，希望重新涂一下，这样安全度会提高很多的啦。"
"照明与监控","照明不太好，监控太少，晚上非常害怕，。。。。。～～～。。"
"车辆超速","有些家长车速太快，希望在学校周边立上限速标识
 "
"车辆超速","有些家长车速太快，希望在学校周边立上限速标识
 "
"过街设施","这里的红绿灯有的时候不太好，所以希望可以改善一下。"
"占道停车","这边占道停车严重，希望交警部门关注一下"
"过街设施","过街设施有待完善，交通信号灯合理分配时间，建议加段防护栏。"
"车辆超速","有些家长车速太快，希望在学校周边立上限速标识
 "
"过街设施","开设人行道路;好走为学生安全"
"安全步行空间","本来应该属于行人的路却总是被别的车等占用"
"车辆超速","有些家长车速太快，希望在学校周边立上限速标识
 "
"照明与监控","有些家长车速太快，希望在学校周边立上限速标识
 "
"照明与监控","有些家长车速太快，希望在学校周边立上限速标识
 "
"照明与监控","希望学校家长等候区可以安装监控系统"
"安全步行空间","
占道停车
学校门外没有专属停车"
"照明与监控","在学校家长等候区安装监控系统"
"安全步行空间","建议加设安全安全步行空间"
"安全步行空间","占道停车
学校门外没有专属停车"
"安全步行空间","    占道停车
学校门外没有专属停车"
"自定义","觉得还是个惊世骇俗上辈子是不是精神还是今生今世半生不熟"
"过街设施","这里的路并不平坦 走路不看脚下都不安全"
"过街设施","这里的斑马线都快看不见了～觉得很危险诶！"
"照明与监控","路灯坏掉了！晚上这里路口有点危险⚠️ 需要注意！！"
"照明与监控","本身学校的家长等候区就小，还和自行车电动车在一个区域。太狭窄需要增加步行空间。"
"过街设施","交通拥挤，车辆太多，不方便。"
"过街设施","交通拥挤，车辆太多，不方便"
"过街设施","交通拥挤，车辆太多，交通不便"
"过街设施","交通拥挤，车辆太多，不方便。"
"过街设施","交通拥挤，车辆太多，不方便。"
"照明与监控","希望学校为学生家长等候区安装监控系统"
"过街设施","   安全步行空间
本身学校的家长等候区就小，还和自行车电动车在一个区域。太狭窄需要增加步行空间。
 "
"安全步行空间","占道停车
学校门外没有专属停车"
"照明与监控","
希望学校家长等候区可以安装监控系统"
"过街设施","接孩子的时候总是需要过红绿灯，车辆又较多。如果在就近增加过街天桥就好了。希望有关部门能够反应"
"照明与监控","
学校门外没有专属停车区域，很多车辆乱停特别麻烦"
"照明与监控","学校门外没有专属停车区域，很多车辆乱停特别麻烦"
"车辆超速","有些家长车速太快，希望在学校周边立上限速标识
 "
"自定义","道路比较狭窄，学校门口交通路况比较复杂，老久小区多，车辆多，容易发生影响学生都混乱"
"过街设施","学校门外没有专属停车区，很多车辆乱停，特别麻烦"
"照明与监控","天气好冷，活路人穿的比较厚，走路反应相对迟钝，建议司机开车都注意点安全，减速行驶"
"安全步行空间","两个军区大院的出入口把小学的大门围在中间，人车混行，入学放学很危险"
"自定义","交通不好太堵了，需要以上部门完善一下，管制交通"
"安全步行空间","设置安全通道，增设人行路。"
"过街设施","接孩子的时候总是需要过红绿灯，车辆又较多。如果在就近增加过街天桥就好了。希望有关部门能够反应"
"安全步行空间","私家车太多，堵道，交通不太方便"
"安全步行空间","没有学生到。学生走路不安全。"
"照明与监控","监控不全面有死角，建议多安几个"
"安全步行空间","道路拥挤，没有学生道建议铺设学生道"
"自定义","人车混走，建议人车分行"
"自定义","环境污染太严重，道路不顺畅，需要改善一下环境，疏通一下道路"
"自定义","环境操。道路拥堵。学生上学不安全。"
"自定义","没有学生道道路拥堵建议改善"
"过街设施","学校附近道路长期施工，行车路线不方便"
"安全步行空间","十字路口红绿灯太少，，"
"占道停车","车辆拥堵得很厉害，接放学时间车辆根本动不了"
"过街设施","希望可以建设一条人行道。"
"车辆超速","街道很脏， 而且路灯效果很差。学校门口小 放学时间段人特别多。"
"车辆超速","门头沟区城子小学 学校门口临近马路 容易出现交通事故！ "
"安全步行空间","道路拥挤，特别容易堵车，请有关部门维持好交通秩序！"
"安全步行空间","问题：自行车道被占，行走不便、路窄送娃车多人多。五环出入口车多流量大，堵车，也非常不安全。
解决建议：1合理规划拓宽路2给送娃爸妈设置合适停车的位置。"
"占道停车","道路两旁占道严重，容易造成拥挤和孩童安全问题。合理安排停车位，分散疏解最主要"
"过街设施","建议给非机动车留出一道通行，接送孩子上下学交通容易堵塞！"
"过街设施","车辆拥堵 需要上级改正。"
"照明与监控"," 监控摄像头照不好全部路面！需要改进！"
"安全步行空间","车太多，堵车。影响行人"
"占道停车","附近车辆拥堵 ，附近有工地。"
"照明与监控","冬天天黑的早 放学接孩子的时候灯光太差！"
"安全步行空间"," 车辆拥堵，人车不分行，建议改建学生道。"
"占道停车","路边停的车太多了，影响道路，实在拥挤！"
"车辆超速","车数多，车速太快，孩子安全不保证！"
"安全步行空间","灯光昏暗。环境不好。需要改进"
"过街设施","道路太拥挤 灯光太暗。"
"过街设施","注意安全，保证红绿灯行走畅通"
"过街设施","希望孩子们过马路的时候注意安全！"
"过街设施","注意安全，保证红绿灯行走通畅"
"自定义","还行吧，公交站不算乱，路线还可以"
"过街设施","注意安全，保证红绿灯行走畅通。注意安全注意安全注意安全"
"安全步行空间","道路拥挤很厉害，路边停了很多私家车。"
"自定义","车辆超速往往最不安全，特别高速，红绿灯容易出事故，希望家乡为了孩子，未来好好想想"
"占道停车","有个别不自觉的人乱停车乱放"
"过街设施","地面斑马线标识不清晰 路边有买小零食的商贩！"
"安全步行空间","学校门口路面不平，不法商贩太多 希望能够改"
"过街设施","道路设施注意安全          "
"照明与监控","希望学校家长等候区可以安装监控系统"
"照明与监控","学校门外没有专属停车区域，很多车辆乱停特别麻烦"
"照明与监控","希望学校家长等候区可以安装监控系统"
"占道停车","路窄不要两侧随便停车"
"自定义","车辆路过的时候慢行，可以设置路牌或专门人员指挥"
"安全步行空间","道路拥挤 可能是街道太小了 希望改进！"
"过街设施","接孩子的时候总是需要过红绿灯，车辆又较多。如果在就近增加过街天桥就好了。希望有关部门能够反应"
"过街设施","（1）     接孩子的时候总是需要过红绿灯，车辆又较多。如果在就近增加过街天桥就好了。希望有关部门能够反应
 
"
"自定义","接孩子的时候总是需要过红绿灯，车辆又较多。如果在就近增加过街天桥就好了。希望有关部门能够反应"
"过街设施","这里有好多车是左转去三环的，每天早上要等两三个灯才能转过去，而直行的车很少，建议加一条左转道，并延长左转灯时长"
"过街设施","这里西向东方向大部分车是直行或者右转的，之前的设计比较合理左边车道是直行和左转，右边车道是右转道，最近又改成了左边车道是左转，右边车道是直行道，现在的状况是左转道没有车，全都堵在右边车道，哪怕左边车道改成左转直行都可以也行"
"自定义","车辆超速，希望安装限速装置"
"照明与监控","学校门外没有专属停车区域，很多车辆乱停特别麻烦"
"过街设施","西向东方向左边车道只能左转，倒是基本是空的，而这个口基本都是直行或者右转，建议左边车道可直行和左转，中间车道直行，右边车道右转"
"自定义","车辆乱停，建议增设停车位"
"自定义","路面空间太狭窄，建议阔乱"
"自定义","乱停车现象严重，建议增设停车位"
"照明与监控","监控不全面！！！！！需要改善一下！加急加急"
"过街设施","接孩子的时候总是需要过红绿灯，车辆又较多。如果在就近增加过街天桥就好了。希望有关部门能够反应"
"安全步行空间","道路拥挤，没有学生道建议改一下一下学生道环境太差。"
"自定义","希望增加一些公共设施"
"自定义","希望多增加一些公共设施"
"过街设施","1.      过街设施
（1）     接孩子的时候总是需要过红绿灯，车辆又较多。如果在就近增加过街天桥就好了。希望有关部门能够反应
 
"
"过街设施","接孩子的时候总是需要过红绿灯，车辆又较多。如果在就近增加过街天桥就好了。希望有关部门能够反应
 
"
"安全步行空间","安全步行空间
本身学校的家长等候区就小，还和自行车电动车在一个区域。太狭窄需要增加步行空间。"
"安全步行空间","下课后道路比较拥挤，会有危险，车位也没有，希望改善乱停车现象"
"自定义","希望学校家长等候区可以安装监控系统"
"自定义","占道停车学校门外没有专属停车，区域很多车辆乱停，特别麻烦"
"安全步行空间","
本身学校的家长等候区就小，还和自行车电动车在一个区域。太狭窄需要增加步行空间。
 
 
3.      占道停车
学校门外没有专属"
"过街设施","道路狭窄  大车过多 应合理改善道路车辆安全"
"占道停车","全都是占道停车的现象！！"
"占道停车","增设停车位，禁止电动车逆行"
"过街设施","安装护栏，道路两侧有公交站，因没有护栏，行人随意穿行，不走人行横道"
"过街设施","关注小学生上下学，注意道路管制"
"照明与监控","希望学校家长等候区可以安装监控系统"
"自定义","加强路面宽度，保护环境"
"过街设施","路标不明确，完善指向牌"
"占道停车","经常存在占道停车现象，在中间护栏一侧停车的很多"
"占道停车","乱停车现象严重，能停路中间，绝不停路旁边！"
"安全步行空间","让老师带领安全出门。
"
"安全步行空间","关注小学生上学，放学问题的"
"自定义","多为学生建一些安全通道保护学生安全"
"过街设施","地铁路走的
太长。人太多。7.40-9.00这个时间段。5号线6号线人特别多。这个时间段"
"车辆超速","平时车辆超速情况比较严重"
"占道停车","占道停车比较严重，建议管管"
"占道停车","堵车严重。道道路狭窄人多"
"安全步行空间","关注小学生上学，注意道路管制"
"过街设施","注意安全，学生拥挤，希望两边加宽"
"过街设施","安全注意，为自己为大家，孩子太拥挤了"
"过街设施","注意安全，学生拥挤，希望两边加宽"
"安全步行空间","路人多，保护好私人物品，行人注意安全，对他人热情友善。"
"过街设施","车辆太快，不好过马路"
"照明与监控"," 照明与监控
希望学校家长等候区可以安装监控系统"
"自定义","学校外应设立专属停车区域，很多车辆乱停特别麻烦"
"车辆超速","附近车速太快，希望在学校附近建一些限速牌子！"
"车辆超速","因为车辆不是很多～所以车速较快～希望设置车速限制标识"
"车辆超速","渣土车太多，灰尘太大，空气污浊，车速度太快，路上都是土，走一截路脚上身上都是灰尘，希望改善"
"车辆超速","每天这段路都是孩子们上学必经之路，希望大家开车骑车能注意车速，注意身边的孩子们，注意大家的安全。"
"照明与监控","照明少。垃圾桶少，导致卫生状况很差。道路状况需要改善！"
"照明与监控","希望学校家长等候区可以安装监控系统"
"过街设施","加强安全设施保证学生过街安全"
"照明与监控","增加监控系统，胡同车太多，希望禁行。"
"过街设施","减少车量停放，车辆需要限速"
"占道停车","占道停车
学校门外没有专属停车"
"自定义","小学门口环境的建设问题，注意保护花草，爱护周边环境！"
"安全步行空间","减少人行道自行车辆摆放"
"车辆超速","学校门口的部分汽车车速太快。希望改善"
"占道停车","学校门外没有专属停车区域，车辆乱停麻烦"
"占道停车","学校没有固定的停车区域，建议改善一下吧"
"占道停车","学校门口停放的车辆太多了。希望加强疏导"
"照明与监控","监控探头范围  灯光亮度"
"安全步行空间","乱停乱放太多影响出行"
"过街设施","希望增加停车位  停车太少了  上下学时间太多了"
"自定义","道路窄人太多，没地方停车。"
"照明与监控","小学隐蔽，路口需要明亮灯光视线，全天高清摄像头。"
"照明与监控","希望家长等候区可以安装监控系统"
"照明与监控","希望学校在家长接送孩子的路边，建立几个监控系统"
"过街设施","学校周围的车停的太多了了  希望规整一下"
"照明与监控","希望学校家长等候区可以安装监控系统"
"安全步行空间","步行空间小，希望加以改善"
"过街设施","学校周围停的车太多了，希望规整一下"
"照明与监控","希望家长等候区可以安装监控"
"占道停车","交通管理应更加完善 保障学生安全"
"占道停车","学校周围车太多了，希望能规整一下。"
"照明与监控","希望学校周围能够多布置一些监控，照明设施能够更加完善"
"安全步行空间","小孩子放学要安全的走回去，别让父母担心。"
"过街设施","交通不方便，停车没地方停，公交系统不完善"
"自定义","这边停车，找自行车都特别难，大家以后别在这边找车位，找自行车了"
"安全步行空间","安全孩子上下学路，保护祖国未来花朵 "
"占道停车","占道停车问题有点严重，希望有关部门治理一下，一到孩子放学水泄不通。"
"过街设施","希望多加点车位  接孩子上下学 车位太少了"
"照明与监控","照明灯应该更多一些  学生多 这样安全一点  省的出事故"
"占道停车","引导学生安全过马路的志愿者，司机能够礼让行人"
"车辆超速","在这里周围附近一百到二百米都要设置路标，提示车辆减速慢行，为了学生的安全，尤其要在门口附近设置"
"过街设施","我个人觉得也可以通过设置屏障，让学生们安全的通过学校门口这段路程，保证孩子们的安全，只是让其他的车辆慢走一小会，孩子们的安全就可以得到保障"
"过街设施","马路过窄，车多，孩子不安全"
"车辆超速","车辆在路间超速行驶，对小学生可能造成严重的交通事故。"
"过街设施","可以强化斑马线，增加相应的折叠护栏，给孩子一个更安全的环境。"
"照明与监控","我个人认为，为了学生们的安全，应在这附近设置照明灯，而且要多设置几个，而且还要设置监控，我觉得监控是非常有必要的"
"车辆超速","安排交警，学生上学放学时间，及时疏通车辆，防止堵塞。"
"过街设施","我个人觉得也可以通过设置屏障，让学生安全的通过学校门口这段路程，保证孩子们的安全，只是让其他的车辆慢走一小会，孩子们的安全就可以得到保障。"
"过街设施","我个人觉得设置屏障可以保证孩子们的安全，其他的车辆慢走一小会儿，孩子们的安全就可以得到保障"
"车辆超速","车辆超速的多，过马路小心点。如果不注意就会被撞。"
"安全步行空间","我觉得可以在这里增设步行空间，因为这样可以保证孩子们的安全，而且家长也放心"
"过街设施","此处应加大对交通的梳理，以便保证学生上下学的安全。"
"车辆超速","我建议设置减速带 和停车区 方便家长 和保护孩子安全"
"照明与监控","希望加强照明，保证学生上下学安全，监控尽量减少盲区，保证孩子们的安全"
"占道停车","我觉得在学校的附近应让交警看着，因为附近有很多占道停车的状况"
"车辆超速","过行的车辆超速，对学生人身安全有威胁，应多设置提示路牌等，严禁超速。"
"过街设施","为了孩子的安全，应该加强监控设施"
"照明与监控","此处应多安装一些监控摄像头，以起到对司机的警示作用"
"照明与监控","我建议多安装监控跟减速带 为家长和学生的安全加一层保障."
"过街设施","学校周边的车辆较多，希望规整一下"
"占道停车","我个人认为在学校的周围应该增设停车道，因为学校周围有许多家长都是开私家车来接学生的，这样的话，方便管理学校周围的秩序"
"车辆超速","希望学校周围多建一些减速带，警示牌"
"车辆超速","希望多加几个减速带和警示牌"
"安全步行空间","车辆太多，不是很安全，交警部门应多拍人手"
"车辆超速","在学校附近多增加几个减速带或指示牌
"
"占道停车","希望给道路多增加道路给学生家长停放车辆地方，避免道路阻碍"
"自定义","如果可以的话希望周边可以加一些孩子等待放学的区域 孩子很安全"
"照明与监控","照明设施应该多加一些，而且也该改善了"
"安全步行空间","增强步行空间，保证行人与司机的安全"
"占道停车","站道停车太过得严重了，平时早上上班都很拥挤，基本上不会有太大的空间去通过车辆，一般都得绕行。"
"照明与监控","应该多放置路灯。并加大亮度。 防止意外发生"
"自定义","设置路牌 让车辆慢行"
"安全步行空间","上下午放学过后 学生增多 车辆拥堵 严重影响交通 建议安排交警指挥车辆和学生"
"照明与监控","应该设置照明灯和监控，让孩子们上下学更安全，有保障，家长也更加放心"
"安全步行空间","上下午放学 学生增多 造成街道车辆拥堵 建议安排交警指挥学生和车辆有序行进"
"过街设施","停车不方便，零时停车不方便"
"占道停车","我觉得应爱在学校附近设置交警站，让交警看着，不然秩序太乱
"
"占道停车","学校周围设置交警站，或者增设停车道，多设几个，不然太乱
"
"占道停车","学校找交警在旁边看着，增设停车道，多设几个，"
"占道停车","我觉得应该设置照明灯和监控，让学生们上下学更方便，监控也能够保障学生们的安全。"
"占道停车","学校周围乱停车显现太严重，停车道太少，希望增设停车道"
"占道停车","请多设停车道，车老是乱放，让交警同志看着点，太乱了
"
"占道停车","学校周围太乱了，车都乱放，孩子多也不安全，多设几个停车道吧
"
"照明与监控","设置路灯，方便晚上接孩子，在设置个监控，保护孩子安全
"
"占道停车","放学时间请不要占道停车"
"占道停车","希望车辆注意在离学校几百米处停车，，不要占道"
"占道停车","禁止在校园附近停车，占用车道"
"占道停车","车很多 希望能安排一下车辆呢 来往很不方便"
"占道停车","我觉得应该设置照明灯和监控，让学生们上下学更方便，监控也能够保障学生们的安全。"
"过街设施","应该设置照明灯和监控，让孩子们上下学更安全，有保障，家长也更加放心"
"占道停车","多设几个车道，太挤了，太乱了，也让警察看着点，秩序有点乱
"
"照明与监控","多设计个路灯，还有监控，太乱，为了孩子们的安全"
"照明与监控","在这里增设照明与监控设施或改善"
"占道停车","学校道路两边每次放学时 都会有许多家长违规停放车辆 建议在学校旁边规划停车线 规范停车"
"车辆超速","车辆超速，学生比较多，车辆应该减速慢行"
"占道停车","路特别窄，只能容纳来往车辆，路边有行人和自行车，摩托车，对面来车，就没办法走了"
"占道停车","这里周围的停车太多，加上这里是学校，很容易发生事故"
"安全步行空间","育群胡同一条街目前只有一个厕所三个坑，还堵了两个，这叫什么事啊"
"占道停车","道路两边乱停车，设施不完善"
"自定义","接学生的时候私家车太多直接影响交通希望有关部门给予解决"
"安全步行空间","学校周边私家车乱停乱放，希望有专属停车区，能有专用学生通道"
"自定义","道路交通，狭窄车辆过多"
"过街设施","道路拥堵，路标太少车多人多"
"安全步行空间","施工影响道路安全，忘过往行人注意安全"
"占道停车","车多人多，道路拥挤。。。"
"自定义","道路占到严重，过于狭窄，需要整顿制理！"
"占道停车","道路拥挤，车辆太多。"
"占道停车","道路不方便，车辆拥堵"
"安全步行空间","加强违章占道管理的处罚力度"
"过街设施","学校附近私家车太多需要有关部门整顿处理。"
"占道停车","道路拥挤，车辆太多。"
"占道停车","交通道路施工  车辆随便停车  请求有关部门解决一下问题 谢谢"
"占道停车","车辆拥堵，路边到处乱停，"
"自定义","乱停车需要遏制，学校门口需要有人有人指挥交通。"
"车辆超速","车流量大，门口乱停车现象严重。"
"安全步行空间","车多人多，注意安全，切记"
"自定义","学校门口私家车太多道路拥堵"
"安全步行空间","道路施工 私家车随便停放 妨碍人行道不便 请求有关部门解决 "
"占道停车","道路拥挤怎么走也有不过去"
"占道停车","乱停车，乱放，乱摆。"
"占道停车","很堵，堵塞，建议修改"
"安全步行空间","能把这里完善好。不要乱停。"
"占道停车","能否把这里完善好，乱放"
"安全步行空间","学校周边没有固定停车场，接送孩子时太堵，建议修建专属停车区。"
"占道停车","车子乱停乱放，望改善！！"
"安全步行空间","能把这里完善。不要乱停。"
"自定义","道路交通，狭窄车辆过多"
"占道停车","交通堵塞，占道停车。"
"照明与监控","增加几个路灯就更方便孩子们晚自习的时候了，晚自习放学路了"
"安全步行空间","增加安全步行空间，多设计安全行车标识"
"自定义","接送孩子的车没有停车位，随意乱停车。希望有关部门加大执法力度"
"自定义","学校门口接送孩子的车乱停，没有停车场。希望有关部门加大执法力度"
"占道停车","路两边乱停车，天天早上堵车"
"过街设施","学生过马路太危险了，几年了没有改变，工作日每天早晚都要横穿马路"
"占道停车","学校附近马路占道停车严重，容易造成拥挤和孩童安全问题，合理安排停车位，分散疏解最重要"
"自定义","学校门口车太多交通拥堵"
"过街设施","每次接孩子就是车多，乱停乱放，有的车如果不注意，很容易碰到小孩子，建议学校旁边有专门的停车地方，限于接送孩子的车停放！这样的话，孩子安全有很大保障"
"过街设施","道路上应该有人行横道线，应该有提示车辆限速。"
"车辆超速","在学校门附近设置减速带，保证学生出行安全。"
"照明与监控","希望学校家长等候区可以安装监控系统"
"过街设施","孩子上下学没有红绿灯，和大货车抢行，急需红绿灯或者过街天桥"
"过街设施","请在孩子学校必经马路按上过街天桥"
"过街设施","每天几百名孩子上学放学来来回回过马路，急需红绿灯或天桥！"
"过街设施","建立一个过街天桥，学生会安全很多，现在全靠家长排班"
"过街设施","芳草地学校门口缺少过街天桥和红绿灯，过往车辆多，学生上学路上不安全。希望增加相应的设施，或者交警站岗指挥。"
"过街设施","道路窄，路边违章停车多，导致车辆通行不畅，学生过马路安全性低，需要建立过街天桥"
"过街设施","道路两旁人行道太窄 机动车停占"
"过街设施","门口的人行横道没有红绿灯，车根本不让行人，每次要好久才能过马路，对面就是幼儿园，太不方便了！"
"自定义","去上学路上机动车占用自行车道，完全没有自行车道，送孩子上学占用机动车道，危险系数太高"
"过街设施","过马路太危险，高峰时应设👮 "
"安全步行空间","胡同机动车多，行人有时候走都走不过去，太堵，遇上早上送孩子上做真着急😣"
"占道停车","门口停车大多，防碍交通，幼儿园好几个，接送孩子的家长也很多，非常不便。"
"占道停车","里仁街校区全是小孩子，但是道路很窄，每天总有家长开车来接，胡同都堵死了，建议上下学期间里仁街禁止机动车行驶。"
"占道停车","规划停车场，增加交通协管员"
"自定义","乱停车 行人不要乱行 要到绿灯排队过马路"
"占道停车","小区车辆过多，很多都停在路中央，不仅车辆行驶困难，行人走路都很麻烦。"
"过街设施","急需解决过街天桥的问题，孩子们上下学穿行马路太危险"
"过街设施","学校和小区中间没有安全的过街设施，为了孩子的出行安全请增设过街天桥或者红绿灯。"
"照明与监控","大鲁店北路加油站到富力又一城C区路段没有路灯照明。"
"安全步行空间","道路狭窄，车辆占道，由其幼儿园放学简直无法走路。"
"占道停车","小区道路两侧占用行人道停车"
"占道停车","占道停车严重，道路常拥堵"
"安全步行空间","上学时间，主干路红灯时，车辆时常把人行横道全部占满，绿灯过马路的孩子和家长不得不在车辆间的缝隙里穿行，非常不方便也非常不安全"
"占道停车","占道停车严重，上学高峰期时常拥堵"
"自定义","这段路的店面都已经拆了，很空旷。建议划一些停车空间出来，然后把自行车道的护栏加上，防止占道停车。"
"占道停车","此处建议不要占到停车。"
"过街设施","孩子上学放学 无安全通道 拦路危险 而且会造成特别严重的堵车"
"过街设施","学校门口道路窄，孩子上下学车流密集，但是没有红绿灯，十分危险。建议安装红绿灯，建过街天桥。"
"安全步行空间","没有人行道，道路两侧停满了车"
"车辆超速","车辆超速现象严重，过马路不安全，斑马线形同虚设。"
"占道停车","附近停车真的很困难啊，是否可以停车也没有明显的标记。"
"占道停车","道路两边非机动车道存在被占用现象，希望能够改善这种情况。"
"安全步行空间","机动车和人行道不分，幼儿园放学路上经常会遇到机动车堵路。"
"自定义","车子乱停放  交通堵塞容易出事故 孩子们没保障"
"安全步行空间","学校路段安全形势，多一些停车位，接送孩子方便"
"占道停车","为什么路边老停着那么多车，包括出租车，不贴条吗？"
"照明与监控","这里有些僻静，对照明和监控，应有所要求！！！"
"照明与监控","这个路口没有摄像头，经常有机动车闯红灯，建议安装监控"
"安全步行空间","这里的道路比较窄，又是在小区里。学生上下学的时候道路比较拥挤。建议减少路边停车的情况。"
"照明与监控","监控不够，照明设施不足"
"车辆超速","京开辅路大车闯红灯，车速快"
"自定义","建议13号线在此加站"
"过街设施","增设过街天桥，便于越来越多的人穿越马路。"
"自定义","主干路只有一侧有行人过街斑马线，大量幼儿园以及小学的学生过马路极不安全，也不方便。"
"占道停车","停车挡道，上学路被阻隔！"
"占道停车","仅有的双向车道，路边停满了车，非常影响通行"
"照明与监控","希望路灯照明设施尽快加强！"
"照明与监控","桥下面没红绿灯非常不安全"
"自定义","很好这个地方特别的好"
"占道停车","大货车长期占道停车，百度等软件园员工也在路边叠层停车！因为不会贴条也不收费"
"自定义","公交车总共没几辆也没有很多人坐，可是划出三分之一条车道，在早晚上班高峰完成了极大的行车压力，原本行驶缓慢的路段现在变成了拥堵无法通行的路段，这是在解决问题吗？"
"自定义","有学校有医院，每天早上八点晚四点-5点严重拥堵"
"安全步行空间","路边停车太多，还有商贩，不安全"
"自定义","公交专用道进分支路线的入口、出口划道不合理，应该提前划刮的路线"
"占道停车","这个位置经常占道停车"
"自定义","路段拥挤，需要改善。"
"自定义","整治后的大佛寺东街美丽，通畅，再也不堵了。"
"过街设施","按放红绿灯多 并且有警察"
"自定义","公交车线路很少，且乘坐的人也很少，单独划出公交车专用道是浪费道路资源，人为增加拥堵"
"自定义","太不方便了，安全步行空间不足，车辆停放也有点问题，还有晚上的灯光和监控方面需要再加强"
"照明与监控","为了孩子的安全，需要增如l监控设备"
"自定义","红红火火恍恍惚惚红红火火恍恍惚惚红红火火恍恍惚惚"
"自定义","上下班高峰，路段太堵，有许多安全隐患，希望能够得到解决。
"
"自定义","我觉得车辆要礼让行人，这样对孩子的出行会很有保障"
"安全步行空间","周围有小学之类的，停的车辆又多，孩子们上下学不安全"
"自定义","这个路段太堵车，导致我们孩子上学存在不安全问题。"
"自定义","希望可以在这里多增加一些红绿灯等设施，保障孩子的安全"
"自定义","现在孩子上学很不安全，特别是晚上来远光的啊"
"过街设施","现在车辆越来越多 孩子上下学越来越不安全 应该多添置一些过街的设施 让孩子们更安全的通行"
"自定义","车辆有慢行！在十字路口上行驶的时候"
"自定义","该路段太堵车，导致学生上学存在的不安全问题。"
"自定义","希望增加些安全防范标牌，提示小学生们行走安全"
"自定义","学生上下学很不安全，可以多设几个红绿灯，限速设置什么的。提高一下这里的交通安全。"
"自定义","建议多加一些限速标志！！！学生上下学不安全"
"自定义","汽车礼让行人，应该严格管理，特别是学生上下学期间"
"自定义","道路太堵了，学生上学很不安全。希望有关部门增加红绿灯或者一些限速标示"
"自定义","希望在学校附近少设一些摊位，防止堵车，也尽量避免交通事故。"
"自定义","希望可以可以增加一些红绿灯，使孩子们的出行更加安全。"
"自定义","请驾车人员注意礼让行人，孩子的安全一起保障。"
"过街设施","上下学时过街比较麻烦，最好能增加礼让行人标识，方便也安全。"
"自定义","现在车越来越多，容易出现堵车情况了，学生们上下学特别不安全了啊"
"安全步行空间","附近学校比较多孩子比较多 希望过往车辆能小心通行不要车速太快要礼让行人"
"自定义","希望可以车辆可以礼让行人，让孩子们的出行更有保障。"
"自定义","希望在学校周边少设一些摊位，防止堵车，也尽量避免交通事故。"
"自定义","请注意孩子安全，这里有点堵车，注意礼让行人"
"自定义","学生较多人流量车流量比较大 很容易堵车 希望能改善"
"自定义","孩子上下学，交通安全不保证，多添加一些设施，保障老人孩子的安全"
"安全步行空间","有一次接儿子放学回家，有人闯红灯，当时差点出事，太危险了，希望整改！"
"自定义","希望车辆可以礼让行人，让孩子们的，出行，更安全。"
"自定义","希望这里尽量多安置几个红路灯，以及道路标识，减少交通事故的发生。"
"自定义","现在的车辆越来越多，孩子们上下学的安全问题也非常值得重视起来，我认为要安装一些防护用品，增加安全意识。"
"自定义","现在有的人开车太快了啊，有的地方车也多，还没有红绿灯，希望多增添一下安全的设施，让孩子们和大人们安全通行！"
"自定义","增添红绿灯时间周期，时间短，孩子过马路不安全。"
"自定义","希望在学生上学放学时，有交警指挥车辆，避免不必要的事发生。"
"自定义","为了学生的安全起见，希望在路口设红绿灯，车辆行驶尽量避开学生上学放学时间。"
"自定义","真的希望可以把交通设施再完善一些  可以让人们过马路刚加安全"
"自定义","来往的车辆很多对孩子和老人都是一种安全隐患  真心希望可以完善一下交通设施"
"自定义","交通拥挤，车辆拥堵，希望能够增添一些限速标识。"
"安全步行空间","安全不行，空间太狭窄，希望能够加宽。"
"过街设施","需要设置安全警示牌啊，提醒孩子们上下学注意交通安全，毕竟有个牌子在那里孩子们多少都会去自主注意的"
"占道停车","占道停车情况严重，步行路窄希望改善"
"安全步行空间","步行空间比较狭窄，希望改善"
"安全步行空间","安全步行侠债，增加安全通道"
"占道停车","学校旁边栈道停车严重"
"自定义","这个地方很容易堵车，学生们上学不方便也不安全，希望可以改善一下"
"车辆超速","这里附近就是学校，学生上下学人比较多，希望往来的司机可以慢点开车，看红绿灯"
"自定义","希望行人可以加强礼让意识以及交通意识，为孩子创造一个良好的社会环境。"
"自定义","这条道路太容易堵车 学生上下学会很不安全 容易发生交通事故的"
"自定义","学生上学放学途中，车辆一定要礼让"
"自定义","我觉得应该多增设一些红绿灯，要不然会经常堵车而且也孩子上学不安全，存在一些安全隐患的问题。"
"自定义","这里人流量大，但红绿灯很少交通很拥堵啊，希望可以改善下交通，让人们出行更方便啊"
"过街设施","这里可能行人很多，车流量也很高，一定要加大红绿灯以及限速标志认识力度"
"自定义","车辆路经人行道时，一定要礼让行人，有必要增加一些标识"
"自定义","希望能够多增加一些红绿灯 能够为这里的学生多一些安全保障"
"车辆超速","在这边  小学生上学根本就是太危险了啊  一定要多建红绿灯 以及照明设施啊  保障孩子们的安全"
"占道停车","占道停车比较严重，希望改道"
"占道停车","占道停车严重，希望改造。
"
"车辆超速","这里离学校很近，学生们也经常从这里经过，冬天天黑的早，司机师傅们尽量慢一点，注意交通安全和路标"
"自定义","这条路存在安全隐患 容易堵车 学生上下学很不安全"
"车辆超速","接孩子超速比较严重，希望能限速"
"过街设施","希望红绿灯路口增设天桥"
"自定义","道路太堵，孩子们上学不安全
建议多设置红绿灯或减速设施"
"占道停车","占到停车严重 严重影响出行前望改进"
"过街设施","多一点绿化树，空气更新鲜"
"过街设施","有时车比较多，红绿灯不是很亮"
"占道停车","占道路空间，占用公众生活空间，道路拥挤"
"过街设施","道路狭窄，影响过路，车辆拥挤，设施存在安全隐患"
"车辆超速","有些车辆车速太快，夜间行驶太黑，影响安全"
"安全步行空间","空间有些狭小，可以扩大一下这里的空间，可以增加一些安全提醒语。"
"安全步行空间","空间问题，有些地方前后窄，人行时不太安全。"
"安全步行空间","空间有些狭小，可以扩大一下这里的安全步行空间，可以增设一些贴心的安全提醒语。"
"过街设施","高峰期车辆多，最好多点红绿灯，指挥交通，这样流动可以快些"
"占道停车","路边占道停车太多，骑自行车走路不方便，建议加大处罚力度！"
"自定义","建议孩子过马路要看红绿灯"
"自定义","建议孩子们过马路要看红绿灯，注意交通安全"
"照明与监控","照明光线太暗，非常不方便，而且晚上人流还多"
"过街设施","交通堵塞，公交车出行不便。汽车数量过多，自行车行驶不安全。路边自行车以及其他类车辆过多，妨碍路人通过。"
"过街设施","路段交通拥堵，希望改善一下"
"过街设施","年底地铁通了以后，过道不方便，需要绕行到十字路口到路对面，整天马路中间没有过街的天桥或是地下通道等"
"占道停车","车辆较多，乱停车，交通堵塞严重，望改善！！！！！"
"安全步行空间","空间比较小，车辆较多，会堵塞有时候有摩拜等，不是很方便，"
"自定义","行车车速太快，有点危险，联系规范市民素质。"
"自定义","交通堵塞，人车一起，隐藏许多危险啊！"
"安全步行空间","学生上学不安全堵车，需要增加红绿灯以及限速标识，礼让行人等"
"自定义","孩子注意安全，天黑的早，注意车辆，行车安全"
"安全步行空间","多增加点红绿灯礼让行人。"
"自定义","加强交叉路口的执勤，保证学生安全，禁止乱放自行车，要礼让行人"
"安全步行空间","多增加点红绿灯礼让行人"
"安全步行空间","多增加点红绿灯，礼让行人。"
"安全步行空间","学生上学不安全堵车，需要增加红绿灯以及限速标识，礼让行人等"
"自定义","红绿灯时间短，走到路中间不安全"
"过街设施","车辆多，减速带少，红绿灯时间段，路人过马路不安全，"
"自定义","学生上学的安全问题存在隐患，希望在上下学期间增派执勤人员，要求机动车严格遵循道路上的规章制度。"
"过街设施","减速带、红绿灯少，道路经常堵车，需要增加红绿灯以及限速标识，车辆应多礼让行人"
"自定义","交通堵塞 增加红绿灯"
"自定义","为了安全应该多一些警示牌"
"自定义","路口红绿灯应增加，上放学时应有交警指挥"
"车辆超速","学校门口标识少，建议增加警示牌"
"车辆超速","该区域应有限速标识 方便路人出行 进行交通管制 "
"占道停车","道路有点拥堵，希望能改善"
"安全步行空间","增添红绿灯，礼让行人，让孩子安全上学"
"自定义","交通堵塞 需要增加红绿灯。"
"占道停车","每到周五和周日，各高校门口，都会出现大量接送学生的车辆，交通拥堵。"
"占道停车","学校门口道路窄，接孩子的车占道严重"
"照明与监控","路灯照明状况不佳
增加监控设施
注意交通安全"
"过街设施","增加安全标识，保障红绿灯正常运行，车辆限速！"
"安全步行空间","对于学生上学路不安全因素，应该对机动车进行限速，规定过马路，岔口时先谦让学生，增设学生通道等"
"占道停车","学校门口交通秩序混乱，多设置警示标志"
"占道停车","路上停的车太多，乱停乱放"
"占道停车","长期有机动车占辅路和行人道停车，秩序混乱，影响非机动车及行人正常通行。"
"车辆超速","现在高校门前车速普遍过快，学生过马路很不安全。傍晚学生出入高峰期，学校就紧张，生怕出事。"
"自定义","公交车站秩序混乱，进站出站车辆较多，经常造成拥堵，影响正常通过。"
"安全步行空间","车辆较多，道路复杂，需要安全疏导员。"
"安全步行空间","加强人行横道的管理，车辆到此处请慢行"
"占道停车","学校门口乱停车，在这里改善占道停车"
"占道停车","车停的乱七八糟的 行人都没地走路了 车都停到了人行道上"
"占道停车","强烈建议不要让共享单车占用人行道"
"安全步行空间","感觉前泥洼地铁出口应设通行标志，感觉过马路非常危险，车流特别快，绿灯时间短。"
"自定义","交通拥堵，道路狭窄，没有停车位，孩子放学存在安全隐患"
"照明与监控","晚上出去道路太黑，现在车有多，所以建议增加照明和监控，谢谢"
"自定义","建议增设过街天桥，道路拥挤，学生放学很危险
"
"占道停车","非机动车道全让汽车停满了，自行车只能在机动车骑一段，非常危险。希望改进。"
"自定义","挺好的，希望能够继续保持，努力更好"
"过街设施","路边车很多，看不见过路标志"
"占道停车","不要让共享单车占用人行道"
"占道停车","建议增加车位，改善停车问题"
"占道停车","道路狭窄，会存在占道停车现象，影响通行，应该改善一下。"
"过街设施","红绿灯周期短  学生过马路不安全 "
"占道停车","道路窄，路边停车过多，容易堵车"
"过街设施","过街没有天桥和地下通道，红绿灯等候时间太长，右转车辆还和行人抢道。"
"自定义","建议将左转车道变成直行左转合用道。"
"过街设施","学校附近没有单独用于行人的过街设施，一段路需要逆行。"
"过街设施","上学，放学严重拥堵，建议在附近增设学校提示标志，让孩子们出行更安全！"
"安全步行空间","多增加红绿灯有秩序走路"
"自定义","学校门口小孩较多，请注意车辆行驶速度，注意避让行人"
"过街设施","人形过道存在不安全的因素！希望有关部门能够多注意这方面的问题"
"安全步行空间","多增加安全步行空间，以保证安全出行"
"过街设施","过街道路存在乱停乱放的共享单车！希望有关部门能够整治一下！"
"过街设施","延长红绿灯周期，周期太短了 孩子上学不安全，警示行车，礼让行人，安全第一。"
"安全步行空间","安全步行路太窄！人们行走不方便！希望有关部门能够解决这个问题！"
"过街设施","红绿灯增加  机动车辆减速慢行"
"占道停车","公交站旁边总是有很多车停"
"占道停车","占道停车，拐弯时看不见，增加了很多安全隐患，而且有碍市容市貌，真的是很不应该"
"占道停车","路边有乱停车现象 尤其是快递车并排停在路边 不方便人行道步行 也不方便停放共享单车"
"过街设施","学校门口不远处的穿街路口没有提醒减速或者前方学校提示牌，建议安装。上学放学时间段学生过街安全没有保障。"
"照明与监控","希望学校家长等候区可以安装监控系统"
"安全步行空间","人比较多，比较拥挤，出行不太方便。"
"安全步行空间","
现在高校门前车速普遍过快，学生过马路很不安全。
"
"占道停车","该区域应有限速标识，方便路人出行，进行交通管制"
"安全步行空间","人比较多，车比较多，比较拥挤，出行不太安全，希望能改进。"
"安全步行空间","设置学生安全通道牌，具有法律效率的监控，同时学校安全员和协管同时在路口和过街行到上进行引领，把控，输导，等现行标志"
"过街设施","附近学生较多，应该增加人员疏导，一方面改善道路畅通，同时也能保证孩子的出行安全。"
"安全步行空间","上学放学人流车流都比较大，建议增加公交站点"
"过街设施","没有什么问题，因为是新马路，车也少，但是没有过街天桥什么的，将来车流量多了，怕不是行人还没走完斑马线，绿灯就来了！"
"照明与监控","道路刚铺设完毕，没有看到监控"
"过街设施","左家庄西街车流量不小，附近小学，学生放学过马路无人行灯，有些司机又不主动让行，比较危险。"
"占道停车","学校附近街道很多小区居民私家车停放，学生上学放学高峰期容易造成道路拥堵。天气恶劣的情况下接孩子放学的车走不到学校门口"
"安全步行空间","外卖电动车太多，站满了人行道，电动车都在人行道上乱行驶，无人管理"
"安全步行空间","人行道太窄，不利于行人安全"
"过街设施","车流密集，但是人行横道较少，每次过马路都感觉很危险，还有好多拉客的三轮车！更危险"
"照明与监控","道路刚刚铺设完毕，没有看到监控，路口有违章现象，容易出交通事故，如果有监控设施，可以用来取证。"
"照明与监控","现在电动车速度太快，而且大部分逆行，照成很多安全隐患。"
"安全步行空间","共享单车占用人行道，公交车道设计不合理"
"照明与监控","晚上没有路灯，很黑，很危险！"
"占道停车","道路两边占道停车，影响自行车出行"
"占道停车","安全步行空间
本身学校的家长等候区就小，还和自行车电动车在一个区域。太狭窄需要增加步行空间。"
"占道停车","华远铭悦世家东门和南门外，商业一条街，占道停车非常严重，无法错车。建议加装违章摄像头，乱停就罚，否则小区无法进车出车，尤其是小区南侧博纳影城到迪卡侬那条路，私设无执照停车场乱收费，且停车场口设在马路口处，只要停车场有进出车，则马路上的所有通行车辆都得停下等待，甚至堵死。建议政府立即取剔行人路上停车！"
"过街设施","地下通道要有商业性和小吃、小商品聚集设施，冬天夏天人都原意走，出口要多，监控也要多，然后讲路口封死，通道一定要四面八方出口。地面路口删拦封堵，去掉地面人行道，必然有效果，一带一路的钱那会一点就办了。"
"自定义","这里的环境挺好，就是卖东西的不多，还有就是小孩幼儿园不多"
"安全步行空间","可以步行的地方很少，没有过街天桥，通行很不方便，没有固定自行车摆放地"
"安全步行空间","本身学校的家长等候区就小，还和自行车电动车在一个区域。太狭窄需要增加步行空间。
"
"占道停车","放学时车辆占道严重，对学生人身安全影响，合理规划停车位"
"车辆超速","这里的车开的很快，有时候根本不会礼让行人，带着小孩过马路的时候很是担心"
"过街设施","路宽，红绿灯时间算长的了，但是走到马路对面也是很紧张，建议修地下通道或是过街天桥"
"占道停车","道路窄，路两边却停车占位，导致拥堵"
"照明与监控","这里的路灯比较昏暗，尤其冬天孩子放学比较晚，回家时总是担心孩子的安全问题"
"车辆超速","建议控制车速，路口车流量大，学生自己过马路不安全……"
"占道停车","这边的车辆多，停车场太少，乱停车的多"
"安全步行空间","附近人流，车流量比较大，自行车，电动车逆行现象比较普遍，望改善。"
"占道停车","学校，医院附近车很多，偶有发生站路停车行为？"
"占道停车","没地方停车，又到处都堵"
"安全步行空间","本身学校的家长等候区就小，还和自行车电动车在一个区域。太狭窄需要增加步行空间。"
"安全步行空间","1.      过街设施
（1）     接孩子的时候总是需要过红绿灯，车辆又较多。如果在就近增加过街天桥就好了。希望有关部门能够反应
 
    安全步行空间
本身学校的家长等候区就小，还和自行车电动车在一个区域。太狭窄需要增加步行空间。
 
"
"安全步行空间","上下班流量大注意安全"
"安全步行空间","道路停车问题严重，有的时候会影响学生的安全，应该增加安全指挥员"
"过街设施","马路宽，交通灯时间短，从地铁过马路太绕，有地下通道或天桥会比较好"
"过街设施","没有专属停车区域，很多车辆乱停乱放很是不方便"
"安全步行空间","
 

本身学校的家长等候区就小，还和自行车电动车在一个区域。太狭窄需要增加步行空间。
 
"
"车辆超速","有些家长线速太快，学校周围安装限速设施，"
"过街设施","车多，人多。建议疏通！"
"过街设施","西罗园小学紧挨马路，路边还有很多车按喇叭，给孩子的学习环境造成很大的问题，路边停车现象也严重"
"占道停车","非机动车乱占车道行驶、超速 、红灯不停，加强管理"
"占道停车","希望学生家长等候区可以安装监控系统"
"车辆超速","车多人也多交通不方便，"
"安全步行空间","靠近学校，建立安全步行通道，保障学生上下学安全。"
"照明与监控","路口没有监控。。。学校门口也么有。路上的路灯有一段是坏掉的，晚上没有照明。学校门口灯太暗了，换明亮点的。
"
"自定义","大车太多，交通混乱，增强交通指挥，加强车辆安全管理"
"过街设施","学生上下学车流量多，建议多一些红绿灯"
"安全步行空间","
本身学校的家长等候区就小，还和自行车电动车在一个区域。太狭窄需要增加步行空间。
 
"
"自定义","例如学校门口乱停车情况比较严重，校外机构广告展位影响放学路"
"自定义","大车太多，交通混乱，加强指挥1及安全教育，"
"自定义","总是发生交通事故，请安装红绿灯🚥"
"过街设施","交通拥堵
加强交通监管"
"照明与监控","小区部分路段没有照明，小区内路段年久失修"
"照明与监控","此段路几乎没有照明，学生上下学不安全，希望增设路灯和监控"
"占道停车","路太窄了，还到处都停车，出行不方便，也不安全，建议改善"
"过街设施","红绿灯，斑马线多设置，加强礼让行人措施。"
"占道停车","占到停车，影响道路宽度，影响行人通行"
"占道停车","建议治理周边停车，改善早晚接送车辆通勤"
"过街设施","过街设施不全。不完整。有损坏。望改善"
"占道停车","没地方停，还贴条。小区也没地方停车"
"占道停车","这里马路两边停的车太多了，骑电动车的也多，骑自行车带孩子的时候根本没有路可以走，太危险了"
"安全步行空间","建议多设人行横道来保证安全"
"占道停车","占道停车占道停车占道停车"
"占道停车","学校门口乱停车情况比较严重，校外机构广告展位影响学生放学路上安全"
"安全步行空间"," 没有自行车到，到处都是车！"
"安全步行空间","增加安全步行空间，停车把所有步行空间全部占据，路牙上全是树木也无法行走，行人只能走行车道"
"占道停车","车辆太多，占用非机动车道，违规停车。"
"安全步行空间","希望可以增加安全步行空间"
"过街设施","京榆旧线和潞苑东路十字路口的红绿灯经常出错，有时候拐弯灯就五秒钟，导致大量的车辆都堵在路口，而且潞苑东路耿庄桥高速路口前面的红绿灯也特别多，加上还有公交站，感觉设置不合理，希望得到改善。"
"安全步行空间","环境不太好，周围尘土较多，人比较多，声音比较大，比较杂，树木较少。"
"过街设施","过街设施不完善，步行存在危险"
"过街设施","过街设施不完善，存在安全隐患"
"自定义","小区门口进车和出车口都设置在一起，很容易相互碰撞，我们小区里面有幼儿园，小学，中学，对孩子安全有很大隐患"
"安全步行空间","好多汽车逆行，闯红灯"
"安全步行空间","环境不太好，尘土较多，声音杂乱，路两边树木小，树木少，空气也不太好。"
"照明与监控","路面照明需要改善，路窄车多，孩子上学不安全。"
"占道停车","两侧工程车严重影响孩子上下学"
"照明与监控","建议这里添加一些路灯"
"占道停车","酒店门口长期存在旅游大巴占用自行车道停车的问题，严重影响骑车人人身安全。"
"安全步行空间","胡同太窄，安全空间小，车多"
"过街设施","学生上学不安全堵车，需要增加红绿灯以及限速标识，礼让行人"
"自定义","规划这的停车问题，没有停车的地方，乱停车！都停到路中间了"
"占道停车","占道停车太严重了，应该好好治理一下。"
"占道停车","卫星桥附近有时会有占道停车问题，晚高峰会造成一定程度的拥堵"
"自定义","学生上下学车流量多，应多增加红绿灯，提高安全性"
"车辆超速","这条马路上的车开的是比较快的，行人过马路的时候都很小心，尤其是晚上，最好给限速一下，这样比较安全！"
"占道停车","车辆靠边停，有时两边都停满车，马路窄，容易堵车"
"占道停车","大兴区富华巷路边违章停车严重，双向车经过困难，拥堵。"
"占道停车","盛景嘉园辅路旁电动车商铺在售电动车、摩托车维修商铺摩托车占道"
"安全步行空间","车辆太多，占用非机动车道，违规停车"
"占道停车","街道比较窄，上下学期间存在车辆占道情况，望后续可以改善。"
"过街设施","需要多加几条人行横道，这样艰苦方便太多了"
"自定义","门前道路是孩子上学的必经之路。改为单行线后，仍有部分机动车不遵守规则，强行逆行；大量电动车（快递车最严重）无视交通法规，抢行、逆行，孩子过马路简直提心吊胆。"
"占道停车","孩子放学警察有占道乱停车的"
"占道停车","车辆太多，占用非机动车道，违规停车"
"占道停车","马路过窄，到处存在占道停车，附近还没有大型停车场，进场造成交通拥堵"
"照明与监控","希望学校家长等候区可以安装监控系统1.      过街设施
"
"过街设施"," 接孩子的时候总是需要过红绿灯，车辆又较多。如果在就近增加过街天桥就好了。希望有关部门能够反应
 
"
"占道停车","没有固定停车位，私家车辆随意停在路边"
"占道停车","乱停车 堵车现象严重 尤其周五六日"
"车辆超速","车辆速度太快，希望建个限速标识"
"占道停车","这里因为学校常年拥堵，占道停车严重，汽车，自行车，电动车乱七八糟，安全无保障"
"安全步行空间","路边停车太多了！游客人也多，堵车严重，在附近住的居民出行不方便"
"安全步行空间","道路两侧停满车辆，拥堵严重，孩子过马路很危险，建议让安全标识更醒目"
"安全步行空间","道路两侧车辆随意停放，道路拥堵，建议加强管理"
"占道停车","路边停车太多，在这里经过不太安全，"
"自定义","学校放学门前就应该禁止行车 "
"安全步行空间","孩子上辅导班的教育机构附近安全特别重要。无论是汽车还是自行车都需要路过慢行。"
"自定义","房山区河北镇东庄子村将垃圾池建在居民家门口，附近村民倒尿，影响村容村貌，污染环境。"
"占道停车","车辆乱停乱放，早晚高峰影响通行。"
"占道停车","占道停车，拓宽道路。"
"自定义","房山区河北镇东庄子村村霸 吕学红，非法河道取沙，强抢村民吕景祥，殷根基，吕志明等人承包土地填埋河沙，破坏耕地面积5亩以上，法院判决无法生效"
"占道停车","占道停车，拓宽道路，设停车位，提醒垃圾清扫车不要总停在路口！"
"过街设施","早晚高峰时，车太多，人也多，路况比较拥堵，所以改善一下过街设施谢谢！"
"占道停车","道路没有停车的地方，希望道路越来越宽！！！！"
"照明与监控","照明昏暗，没有监控设施，希望改善！！"
"占道停车","车辆占道太多，道路窄，还有来往的车辆，建议来往车辆改旁边的大路通行"
"安全步行空间","这个学校附近应该，增加红绿灯路口，方便行人通过，"
"安全步行空间","两边车较多，没有斑马线，过马路不太放心，有时车还停路边挡住咯"
"占道停车","道边乱停车，很拥堵，十分不安全"
"安全步行空间","建议增加孩子放学排队区域，增加安全性，目前存在安全隐患且未发现监控摄像头"
"安全步行空间","每天早上孩子们去上学，都要经过一个菩提小区的小门，孩子们上学本来就很急，但来来往往的人都堵在这个小门那，十分不方便。"
"占道停车","学校门前路窄，而且两边还有停车占路，且有来往车辆，建议车辆改路通行"
"过街设施","六一小学附近，小区出来，通往小学的人行横道，只有斑马线，存在安全隐患"
"占道停车","路边停车比较多，还有共享单车，对行人不方便"
"占道停车","八一小学路口，海信大厦拐弯处，每天早上占到停车。骑车送孩子的家长只能走机动车道，造成安全隐患"
"安全步行空间","行人路窄两边停车太多来往车辆较多不安全"
"过街设施","张贴安全标识提示，重视交通安全。"
"占道停车","孩子放学门口私家车乱停乱放，严重拥堵，孩子过路口也存在安全隐患。"
"占道停车","很多车没地停，就在路边停放"
"自定义","上下班可以增设安检通道，上下班高峰期经常会发生拥堵。"
"占道停车","璞缇小学西面的胡同里每日上下学时间接送孩子的车子特别多，还有步行的孩子们和家长，人和车子乱作一团，造成交通堵塞，十分不安全。"
"占道停车","道路拥堵，占道停车！无安全标识"
"过街设施","车辆占道停车严重，道路拥堵，望改善。"
"占道停车","随喜停车，道路拥堵，安全标识不全面！"
"安全步行空间","非机动车道停满车辆并有车辆行驶。"
"自定义","道路拥堵，车辆随意停放，建议不开车接孩子"
"过街设施","老旧小区一个，离地铁比较近，设施、设备不完善，居委会跟进不利，不作为。"
"自定义","交通不方便，没有公交车通过，道路不好走，希望改善！"
"过街设施","希望张贴安全标识，增加隔离带"
"安全步行空间","车辆太多～孩子过马路不安全"
"自定义","交通拥挤，车辆随意停放，不建议开车接送学生，路况标示不清楚"
"占道停车","八里庄中心小学周边每到上、下学的时候都很乱，车辆胡乱停放，无人监管，安全没有保障。"
"安全步行空间","上下学早晚高峰周边接孩子停车问题应多多关注"
"安全步行空间","周边环境嘈杂，车辆非常多！建议对自行车道，人行道进行划分"
"占道停车","学校周边车辆多道路窄，两边车辆占道不安全。"
"自定义","希望增加防护隔离带！谢谢"
"过街设施","学校附近道路比较拥挤，车辆比较多，简易增加防护栏和人行横道，保证学生上下学的人身安全。增加学校周围的安全设施。"
"过街设施","希望能够增加防护隔离带"
"过街设施","行人路窄.两边停车太多.孩子放学走路不安全"
"过街设施","在一个巷子里.交通不方便.小路两边全是车.孩子不安全"
"车辆超速","高峰期人多车多。
道路拥挤
没有秩序"
"过街设施","改善路上交通压力，增加红绿灯。"
"照明与监控","学校是家长和社会最关心的问题，上下学的时候也是车辆最多的时候，这时候学生的安全问题至关重要，最好在学校路口安装监控摄像头，和红绿灯保证交通安全，也可以保证有据可查。"
"过街设施","没有专属停车位，随便乱停车，接孩子不方便，孩子过路也不安全"
"过街设施","道路拥挤，孩子上下学不安全。"
"占道停车","早上送孩子的车辆严重影响交通。"
"过街设施","学校路口没有红绿灯，孩子过路不安全！
"
"照明与监控","北京璞缇四中学校西边、东边、北面的胡同建议加装监控，因为平时上下学孩子很多，人车混行，很不安全。"
"自定义","学校门前没有防护栏，孩子放学过马路很危险"
"安全步行空间","增设学生安全步行空间"
"车辆超速","路过学校门口增设车辆减速的标示。"
"过街设施","路边随便乱停车.没有红绿灯🚥过马路没有人行通道！"
"占道停车","学校周边停车辆太多，道路窄，且有来往车辆，建议来往车辆改路"
"过街设施","学校门口环境太差！还有推车买小食品的！看着很脏！总担心孩子去买！"
"过街设施","车辆太多了！过马路不安心。"
"过街设施","拥堵太窄了需要改善，建议扩张道路，放学太危险"
"过街设施","孩子过马路没有人行横道.担心有车辆.太不安全"
"安全步行空间","学校门口的上庄路很窄，路旁的人行道是普通沙石路，下雨下雪的时候，走路很不方便。"
"车辆超速","这是单行车道！孩子放学出来就到路口！实在不安全"
"占道停车","增加安保人员，增加护栏"
"过街设施","过路注意安全，为自己身体健康负责"
"过街设施","学校门口没有人行横道～没有红绿灯🚥 ！两边车辆乱停！差极了"
"安全步行空间","建议增加接孩子时安全排队区域，还有监控摄像头。"
"车辆超速","经常接孩子会看到.随便车辆调头.不守交通规则.孩子放学过马路好不安全"
"自定义","巨旁增设个道路转角镜"
"车辆超速","路两边随便停车，有些还不遵守交通规则～随意调头～孩子过马路不安全"
"自定义","安装摄像头，过马路车辆慢行，标识多一点，斑马线清晰，红绿灯🚥，保安安保工作认真"
"过街设施","过马路没有人行横道～路边乱停车位！孩子过马路不安全"
"安全步行空间","没有安全步行路线.路边乱停车！要是有红绿灯就好了"
"过街设施","奇怪学校门口还有买小吃的！路边小吃看着就不干净！总担心孩子会偷着买"
"安全步行空间","晚上接孩子的家长太多，都在一个时间点，有点拥挤，所以安全步行空间再扩大一下！"
"过街设施","学校门口是单行.总是有车进入特别快.还怕孩子过路不安全"
"占道停车","该路段拥堵，学生放学在该路段要有安保人员，可设置路障保证学生安全放学"
"过街设施","只有一个路～而且还是单行！有骑车的！有开车的！总是堵路！最主要是不安全"
"过街设施","路好窄，还单行，还堵车，有时候学校门口还有买路边小吃，看着好脏，总担心孩子过马路和乱买东西吃"
"过街设施","十八中门前的胡同只有东西各一条车道，早晚上学和高峰时段，人流和车流密集，十分拥挤，建议加宽道路"
"过街设施","学校门口路太窄了！还是单行！经常有车速很快往里开！不太安全"
"占道停车","路段拥堵，没有标识没有保安"
"过街设施","路灯时好时快，比较拥堵"
"过街设施","学校路太窄了，还是单行，很不安全，还有学校门口对面还有买菜的，环境好差，脏死了"
"占道停车","为什么学校周边禁止停车"
"占道停车","占道现象太严重，阻碍交通，威胁人身安全"
"照明与监控","学生放学时段，各种车辆乱停乱放，人员密集，增加摄像头，保障学生放学安全回家。"
"安全步行空间","左岸公社路边停车占道造成车道狭窄骑自行车送孩子上学不安全"
"过街设施","改善路上交通压力，增加红绿灯，学生上学和下学会更安全。"
"安全步行空间","交通拥堵 没有保安人员，"
"自定义","小学门口车辆拥堵，步行道路较窄。小学生放学时要在马路上穿行，很危险!希望改善一下步行道并安装安全护栏。"
"自定义","交通拥堵建议增加学校家长志愿者维护秩序"
"安全步行空间","每天上学很多小朋友步行，但是小路很窄，还有人、车混行，极不安全"
"照明与监控","胡同里的小学本来道路就窄，每天送孩子上学有汽车、三轮车、电动车、自行车……个别开车送孩子的能不能停远一些下车送孩子进来，骑电动车的速度能不能慢下来一些"
"占道停车","红绿灯路口占道特别停车严重"
"安全步行空间","建议增设摄像头，安全护栏，以保证行人安全"
"安全步行空间","路上的电动车太多，太挤了，不安全，怎么能处理一下。"
"安全步行空间","道路站道停车 日常堵车严重 自行车随意停放 行人走路危险"
"占道停车","附近停车位置太少，收费高，占到停车的太多了，有不少占道停车现象"
"车辆超速","这里多增加几道车辆限速的标志，好保证孩子放学安全"
"占道停车","这个地方因为占道停车已经让人头疼得要命，建议增设违章停车探头"
"自定义","关心下一代祖国的花朵，摄像头高度清晰，斑马线需要明显标志，保安人员尽职尽责，老师跟随，过往车辆太多，家长比孩子都多，给孩子一个舒适安静的学习环境。"
"自定义","学校门口需要明显标牌，过往车辆太多了，接学生的车也停的乱，是否配个保安，马路上的停车也多，多几个贴条的治安一下"
"安全步行空间","建议下翠微小学接送孩子路不好走，没有孩子步行道，路边水沟危险，对孩子，老人造成困扰，望有关领导能给解下！"
"自定义","学校的周边没有停车位，接送孩子的车多人多，需要配个保安，或者多一些保安措施，红绿灯也该增加一个，马路两边私车占用马路太乱"
"占道停车","
图强小学周围占道停车严重，如果家距离学校很近，接孩子上学放学建议大家绿色出行！"
"自定义","车辆超速行驶，过路提心吊胆，建议增设红绿灯"
"占道停车","道路狭窄，建议增添探头和斑马线，让行人安全过马路"
"自定义","放学的时候车多乱停交通不畅通，人员密集。希望有关部门有个好的处理方案保证学生安全"
"车辆超速","因为在四环边上。每次过马路都提心掉胆。车速都太快了。建议多安装摄像头"
"安全步行空间","马路上车多，人也多。比较乱。"
"安全步行空间","车辆随意站道停车，两所大学相邻，人多车多，望政府想办法改善，多增加探头，为学生保驾护航"
"占道停车","老旧小区道路窄车辆乱停乱放车速快孩子放学不安全。"
"安全步行空间","人多车流量大，每天堵堵堵，头疼，望能把交通信号灯时间做调整，谢谢"
"安全步行空间","翠微小学送孩子不方便，没有步行道，路边水沟没护栏很危险，建议设置步行道，解决安全问题"
"占道停车","学生放学时段，车辆乱停乱放人员密集。增加摄像头来往车辆较多建议车辆改路。"
"占道停车","车辆多，这年头车辆越来越多，行人走路空间越来越小，有个路提心吊胆，建议加强道路违规停车，多找人贴条，看谁还乱停"
"车辆超速","希望周边车辆行驶注意行人，切勿超速"
"自定义","快递小车，自行车，汽车占道严重，望增加摄像头"
"过街设施","在大鹁鸽胡同西口与王府井大街交叉的地方设立行人过街可控的红绿灯，方便灯市口小学还有东华门幼儿园的孩子过马路，车多人多，光有个人行道，很多司机不知道停车礼让行人和小孩"
"自定义","车多 道路拥堵 过马路不安全 建议晚上交通 路边乱停车挤占马路"
"自定义","过马路提心吊胆，车就快飞起来啦，建议安装多个隔离带"
"过街设施","路口掉头车辆多，建议画一条掉头专用车道"
"安全步行空间","红绿灯时间太短，老人过马路很困难"
"占道停车","占道停车严重，影响行人通行，不安全，建议分道行驶，周边加停车场"
"自定义","飙车严重，不安全还吵"
"安全步行空间","道路本来就不宽阔，路边时常停满车，接送孩子时非常拥挤，希望得到改善。"
"占道停车","校门口东侧车辆乱停乱放，占用行人和非机动车道，希望得到有关部门重视。"
"安全步行空间","马路比较窄，隔离设施较多，电动车不遵守交通规则"
"过街设施","过街设施不完善 减速带损坏 必要时增加交警"
"安全步行空间","学校路边非常窄，挨着马路，每天放学非常拥挤，很不安全，希望增宽马路"
"安全步行空间","路边违章停车多，处罚力度不够"
"自定义","车辆违章停放，建议增加摄像头和交警，这样能保护我们女孩子的安全，也能使道路整洁。
"
"占道停车","道路窄，路边停车，经常堵车"
"过街设施","南宫小学在南宫社区，孩子放学车多人多，所以改善一下这里的过街设施谢谢！"
"过街设施","一切还不错，十字路口红绿灯应等待时间短些"
"过街设施","希望在这里增设过街设施"
"占道停车","十八中附小的门口每天上下学都很堵，大马路上停满接送孩子的车，正常行驶的车和行人无法通过"
"过街设施","问题1，施工工地在路面大量渣土遗撒，局面凹凸不平，今日看到有清理人员早高峰清理造成拥堵
问题2，施工工地加建筑材料厂，非雾霾天气这地方尘土飞杨"
"安全步行空间","增加南北向绿灯时间，便于行人过马路"
"照明与监控","路口没有监控。或者监控角度不好"
"占道停车","经常有车辆停在停车位外，严重影响自行车通行"
"占道停车","十八中附小门口的大马路上下学停满接送孩子的车，正常行驶的车无法通过"
"过街设施","希望增加过街设施 车辆较多的地方人流量也比较大"
"过街设施","上下学车辆随意停放 影响正常通行  请改善"
"车辆超速","建议设置提示牌，提示过往车辆避让行人"
"占道停车","占道停车，增加停车位"
"占道停车","学校放学期间接送学生车辆严重占道，造成电动车及自行车直接到机动车辆道路及人行通道上行驶。极易出现交通事故和交通隐患。"
"安全步行空间","周围施工太多 道路太少 交通不方便"
"安全步行空间","安全步行空间，清理占道停车。"
"自定义","大车太多，占用非机动车道，影响行人及车辆安全"
"安全步行空间","道路窄，路边占道停车严重"
"占道停车","这里有丰台五小，还有几个教育机构，每天下午三点开始接孩子的家长占道停车情况严重，完成严重拥堵。"
"过街设施","高峰期车流量大，穿越马路不方便，增设过街设施，方便步行人员安全过马路。"
"过街设施","人多车多，期待能有过街天桥。"
"占道停车","小学校门口的街道放学时，有很多车辆在此停留，造成车辆拥堵，带来很多不便！"
"自定义","翠微小学北校区向东约400，这条路没有修人行便道，早晚接送孩子时，行人，电动车，自行车，汽车混行，非常危险，即使高班级的孩子也根本不放心让孩子自己走，而且路边还有条排水沟没有任何拦挡措施，有是一项危险源。
最后就是，这条马路边上都是土路，下雪下雨没法走，晴天接送时灰尘满天飞，孩子天天在这样的路对健康"
"占道停车","本来路就窄，双向停车，有时候竟然还有汽车停到停车位边上。"
"车辆超速","路过人行横道，车主开的飞快，哎。"
"安全步行空间","交通护栏设置不够安全，行人随意穿行，机动车不礼让"
"安全步行空间","建议在人行道上安装防止车辆调头措施，上下学时接送学生和社会车辆乱调头现象严重，存在重大安全隐患。"
"自定义","公共停车位少，停车不方便,增设停车位方便停车"
"安全步行空间","路上总是不停修了挖了补上，坑坑洼洼"
"占道停车","合理划分停车区，以免影响过往行人和车辆"
"占道停车","电动车占道严重需要管理人员严加管理"
"安全步行空间","行车时，路面安全有待提高！！！"
"占道停车","占道停车严重，人员拥挤，加强安保人员，确保孩子的安全。"
"过街设施","经常有校车和学生通过，希望可以增设过街天桥，确保安全通行。"
"照明与监控","村里学校周边路灯暗，冬天不安全"
"安全步行空间","行人路口少，不好过马路"
"过街设施","增加防护栏，监控摄像头"
"占道停车","学校紧邻公路，路两边停满了机动车，上学和放学的点拥堵严重，好多家长骑车没有专用车道，送孩子很危险"
"过街设施","盖高铁站和整修地铁呢，道路特别差，步行通道需要立即改善 "
"安全步行空间","希望在路两侧多增设一些公交指示牌，行人步行空间加宽方便出行。"
"占道停车","附近停车位少，占道车多"
"安全步行空间","这里在修路。每天上下班步行必经之处，道路状况太差了尘土飞杨，希望尽快改善！附近就是学校和幼儿园，为了安全起见希望有关部门重视"
"过街设施","建议交通部门增加自蓝靛厂路到颐慧佳园路道路缓解彰化路出行。"
"占道停车","新建颐慧佳园路边占非机动车道停车，影响非机动车行车安全"
"照明与监控","学校早晚高峰人流量太多，增加照明和监控，有意外事件可以有可调控，更方便市民"
"过街设施","过往人和车辆较多，交通指示盘少，应该增加交通指示盘，提高安全设备设施"
"占道停车","此地停车位太少，有不少车存在占道现象，人流量较大"
"过街设施","学校放学接孩子，家长人群太多，改善一下学校周围的过街设施，让孩子更安全回家！"
"过街设施","交通不方便，公交车太少"
"过街设施","十八中小学门口向东过鸟路设施简陋孩子们上下学过马路很不安全"
"占道停车","车位太少，有很多车存在占道抢位，建议多增加一些停车位"
"占道停车","学校门口乱停车情况比较严重，校外机构广告展位影响放学路"
"占道停车","到处停的都是车，根本没人管，乱的厉害，经常有人车被划"
"安全步行空间","人流量太大希望此路能增加设施改善人流较大的问题"
"占道停车","马路两边上下学高峰全是车，比较拥堵，应该有专人看管下"
"自定义","这边路上特别乱，路很窄，车都乱开，离学校挺近的，学生出来特别危险。"
"占道停车","两侧停的全是私家车，还有电动车不管不顾的跑，路还窄，卫生也不好！"
"安全步行空间","道路周边占到停车多，小商小贩多"
"过街设施","挨着学校 ，建议车道更安全"
"自定义","斜街特乱，而且灯特少，边上好几个小学，还老有校车路过，不安全"
"安全步行空间","学校上下学的时候非常堵"
"过街设施","增加过街设施，马路两边车辆很多，严重影响学生安全"
"占道停车","学校门口乱停车情况比较严重，校外机构广告展位影响放学路"
"占道停车","离学校较近，请解决车辆占到问题"
"占道停车","这边的路很窄，挨着一个日报社，再往前就是一个小学，天天一堆接孩子的车，谁也过不去，而且也是个安全隐患"
"安全步行空间","学校附近增设照明与监控，上下学接送学生车辆拥挤，每天都有拥堵现象，很混乱"
"自定义","路边全是自行车，堆的到处都是，边上就是车站，家长带着孩子等车，经常挂到车把摔倒。"
"车辆超速","周围马路很宽，总有超速，车辆乱停放现象，应该治理一下。"
"过街设施","道路窄，路边乱停放车辆，孩子上学，放学的时候经常堵车，行人不安全。，"
"自定义","这边的路特别不好，不平，好多大坑，老有人挖了盖，盖了挖的，摔过好多孩子。"
"过街设施","增设违章停车拍照，这样上下班送孩子的车辆就不会乱停乱放了。"
"过街设施","增加过街设施，提高百姓出行安全"
"占道停车","道具两边占道停车太多，特别上下学时间非常乱，至少学校门前一定范围内应禁止停车"
"占道停车","道路太窄，占道停车现象严重，建议增加违规拍照。"
"自定义","周边一堆学校，但没有一点为学生下学立的设施，比如说留一行步行道，就一条小道，车，人，都在一条道上走，学生挨着车，很危险。"
"自定义","院里的树20年不修整，树冠疯长，树下停着车一刮风树杈曾经刮断砸到车，夏天虫子也特别多，希望能把大树整理一下"
"安全步行空间","路窄，加上停车，没有足够步行空间。建议调整和增加相应设施"
"自定义","路太黑而且窄，经常有校车经过，私家车也完全不让，挺不安全的感觉。最好能分道。"
"自定义","溜狗的人特别多，而且一人好几只狗，经常在路上跑，好多车急停。和孩子一起上下学，实在不安全。"
"照明与监控","应增加监控设备，防止肇事逃逸发生。"
"占道停车","胡同里面乱停车现象严重，建议拍照严加管理一下"
"自定义","高峰期车辆行驶缓慢，经常堵车，导致上班迟到，望改进"
"自定义","边上餐厅太多，人多而且杂，好多人夹在车中间走，接送小孩正好也走这条路，能不能治理一下。"
"照明与监控","学校出来辅路照明不足，比较昏暗。"
"自定义","附近修地铁，道路圈起，上下班时间比较拥堵"
"占道停车","缺乏管理，道路两侧车辆乱停占道，管理混乱"
"占道停车","道路两边车辆很多，增加过街设施，孩子们过马路也安全一些。"
"自定义","边上餐厅太多，人多而且杂，人夹在车中间走，接送孩子的人很多，能不能治理一下。"
"自定义","溜狗的人特别多，经常在路上跑，好多车刹车差点撞到。和孩子一起上下学，实在不安全。"
"安全步行空间","路边大车停车占道，自行车电动车混行。学生步行道路窄，影响出行。"
"车辆超速","门前道具车速普遍较快，有安全隐患"
"占道停车","胡同乱停车现象突出，建议设立集中的停车场"
"自定义","这边人多车多的，能不能有人管管，车老跑到自行车道上来开。这不占道么，自行车就跑到行人步道上走。"
"过街设施","孩子上学放学都要过马路，这里只有斑马线，有安全隐患，建议安装个红绿灯🚥"
"安全步行空间","因为幼儿园和小学离得很近，每天接送孩子拥堵着很车，这样孩子和送孩子的家长都很不安全。"
"照明与监控","路灯不太好，很黑，看不清路，能多维护一下吗，井盖经常有开着的不知道去向了"
"占道停车","道路两边停车严重公交车穿行建议设隔离带避免事故发生"
"占道停车","孩子放学高峰时，应派遣专门人员管理，维持路口乱停车现象。"
"安全步行空间","到晚上灯光很暗，小区内车辆也多，"
"占道停车","学校附近道路上孩子放学占道停车太多阻碍交通很不方便也很拥挤"
"照明与监控","路灯不太好，很黑，看不清路，能多维护一下吗，昨天带孩子回家，孩子把腿摔青了"
"安全步行空间","经常堵车不太方便，希望交警叔叔可以呀关照一下"
"自定义","平安大街车流量大上下学门前车多，应增加警力疏导，保证学生人身安全"
"占道停车","早上这里是送孩子去小学和幼儿园的必经之路，很多车在这里调头或者主路辅路穿梭，有时有大货车在辅路停车，把辅路全部堵住，造成孩子上学迟到，周围交通拥堵，希望货车可以往西走一段路，避开这个地方停车"
"自定义","这边上老修路，太没有计划性了，才盖上又挖，永远修不好。孩子天天路过多危险。"
"占道停车","经常有人乱停车，一点都不顺心，希望可以改正"
"占道停车","路边乱停车现象严重，接孩子送孩子非常不方便"
"过街设施","人行道和自行车容易错位 逆行建议改善一下"
"过街设施","因为有生鲜市场很多进货的车，已经造成影响交通，以及行人安全，道路老化，没有斑马线"
"安全步行空间","在这里增设安全设施，装设监控"
"自定义","青年公寓人员经常穿行绿化带过马路，容易出现事故。"
"占道停车","停车标示不明显 机动车驾驶人和自行车容易混建议改善"
"占道停车","没有地方停车，接孩子不方便，希望多建点停车位，以免堵车，影响车辆通行。"
"车辆超速","南宫恒爱幼儿园十字路口车辆太多。车速过快。很容易发生事故。尽量改善。希望安装红绿灯。"
"过街设施","希望可以多点绿化，让环境更美丽，一片绿色，空气好"
"照明与监控","下了焦化厂地铁站特别可怕！路特别小，位置又偏僻，晚上还没有路灯！地铁出口都是些黑车司机，感觉随时可能被绑架。"
"过街设施","路不好，太破了，也不说投钱修修，大人摔孩子摔的，就在学校门口，合适么"
"过街设施","后厂村路高峰期堵车严重"
"安全步行空间","南宫恒爱幼儿园门口路口常拥堵，车辆无秩序，谢谢改善！"
"安全步行空间","路灯不亮，路还不宽，祖国的花朵天天在这儿走，能不能上点心啊。"
"照明与监控","监控太少 希望多加 有可能肇事逃逸"
"自定义","建议7路公共汽车改道，实验二小上下学期间造成严重拥堵"
"占道停车","有乱停车的现象，不是很喜欢，希望有人可以经常来管理一下"
"自定义","这里应该设置为完整的十字路口并安装红绿灯设施，每天早上就不会堵到出不去了，现在汽车要过马路必须先逆行一段，每天早上必堵"
"自定义","学校周边环境需要整治，提高安全性"
"占道停车","这条路上经常来好多马车卖东西，夹在路边的车流里，加上孩子也会走，很危险有没有人管一下。"
"安全步行空间","车辆较多，比较乱，应安治摄像头，保证学生出行安全！"
"占道停车","南宫小学放学占道停车太多，影响交通，对孩子也不是很安全。望管理。"
"安全步行空间","市政该修一下了，一会儿挖个换管子，一会儿挖了跑水了，来回的修，弄好的路面都挖坏了，总摔人"
"照明与监控","云岗小学附近人流量太多，有时放学太黑，望增加照明和监控，给孩子一个安全的空间。"
"过街设施","海淀嘉俊南，通沙阳路方向应建正规的路口，增设红绿灯，现在出行走哪边都是逆行，而且早晚高峰堵车严重！"
"照明与监控","路侧停车严重挤压了自行车和行人的空间，建议增加监控，处罚乱停车"
"占道停车","占道停车太严重，也不知道是不是合法收费的，到处都能停，上下学骑车经过都经常过不去"
"自定义","晚上下班9点左右，打车困难"
"占道停车","道路及人行路上都是私家车，影响路人及车辆通行，希望改善！"
"安全步行空间","路边的自行车区被弄的特别小，而且汽车总挡着，孩子下学只能走汽车道，很不安全"
"占道停车","楼下停车太乱，有时候停都停成两排了，错个车都错不开。"
"安全步行空间","地铁站出口的地方，路太窄了，推自行车都过不去。"
"占道停车","学校放学的时间，好多车占路，验证拥堵"
"安全步行空间","学校周围的路况很烂，没有隔离，孩子就走在车中间，这样能安全么，能不能安排个人管管"
"车辆超速","车辆有超速现象，过马路行人安全问题需要关注，望解决！"
"过街设施","新修的过街天桥只有台阶，没有自行车道，推旅行箱过天桥太不方便了，要一直拎着。"
"过街设施","学校每天下课的时候和晚高峰都对着，太多车了，能不能把这条路改个单行线？多装点灯"
"占道停车","车辆违章停车及其严重，路边都是私家车，经常堵车！"
"自定义","幼儿园门口可以不可以不许停车，接孩子的时候太乱了。"
"自定义","每天接孩子上下学都会走这条路，好多家长开车接送，路堵得不行，总出问题"
"过街设施","学生放学期间堵车严重，车辆较多较乱，安全隐患很多，忘治理！"
"安全步行空间","十字路口处，车辆通过多不礼让行人，过马路有危险，"
"占道停车","附近总有乱停车现象，妨碍行人汽车人通过，也影响车辆的通过。"
"占道停车","学校门口乱停车情况比较严重，校外机构广告展位影响放学路"
"占道停车","望京这一片区占道尤其严重，中学附近更别说了，希望有关部门整治"
"自定义","这里没有红绿灯，每天送孩子都要从辅路提前转进辅路。送完孩子的各种车和嘉郡的住户也要从这逆行到主路。拥堵不堪，安全隐患大。另外，路口对面就是公交站。大家为了赶车，经常穿越主干道。很不安全。希望增设红绿灯，便于大家安全出行。"
"自定义","信号灯改为数字显示，公交车影响后面车辆观看信号灯"
"占道停车","这里是胡同四合院的保护区，很有京味的文化！可是窄窄的胡同里全是私家车，孩子放学真的不敢让他们自己回家，记得小时候我全是自己上下学，满胡同跑，现在不敢放开孩子的手。"
"安全步行空间","停车不好停.又堵车."
"过街设施","需要增加过街天桥！！"
"自定义","上下学时间，送孩子的家长请请不要随意停在路边，影响了其他送孩子的家长"
"占道停车","路边停车占道，行人行走不安全，自行车和汽车并行，非常不安全。"
"照明与监控","临时停车会被拍照，带来很多不便"
"过街设施","增设过街天桥，由于车辆过多，行人过马路不方便。另外增加道路亮化。"
"占道停车","路边乱停车情况严重，太乱了，严重占道。"
"安全步行空间","街道上的步行道路狭窄，经常有摩托车开向人行道，非常不安全，建议改善下。"
"占道停车","路边违章停车处理不净，行车困难"
"安全步行空间","清华东门附近，车辆太多，步行反撸台窄，行走不适很方便，不安全，提议扩一下路。"
"安全步行空间","在修京张高速，想通过这段路太难了，上坡下坡，关键是很陡啊。真的有安全隐患啊，万一前一个没上去滑下来，后面一串都要受伤。每次都胆战心惊的。需要改善。"
"占道停车","停车很多，送孩子啥的，很多家长不好好停车，对于行人很不友好"
"安全步行空间","提高行人安全出行，谢谢"
"占道停车","占道停车严重，本身道路就很窄，经常堵车，还占道，给行人增添负担。"
"安全步行空间","门口的步道很多发小广告的，步行道很多骑电动车的，走路很危险"
"安全步行空间","学校门口早上时人车拥挤不堪，孩子安全有隐患"
"安全步行空间","希望能够增加管理，对马路两边乱停车进行整治，绿色出行，尤其对于学校周围"
"过街设施","这里有一个排水口，经常坏，晚上天黑的早，可见度低，对骑车和行人来说很危险，希望尽快修理，并且质量好些，这位这个位置的下水楼老坏！"
"安全步行空间","严禁电动车占用人行道"
"占道停车","车位紧张停靠不方便车速太快"
"自定义","周围街道摆放的自行车太乱了，走来走去很容易刮到的，路口也是这样乱乱的，附近有学校，学生过马路都很不方便，希望改善交通环境"
"占道停车","道路乱，垃圾乱飞站，路烂"
"占道停车","自行车道被机动车占用，骑车带孩子非常不安全！"
"过街设施","自行车摆放不整齐，放学时间人行道拥堵"
"安全步行空间","建议南北建设过街天桥"
"占道停车","停车位太，需增加停车位少"
"自定义","每到上班时间，交通管制道路一般都陷入瘫痪状态,缺少分流通道。
为改善交通拥堵现状,特提出以下建议:
（一）交警部门加大治理力度
交警部门要切实抓好交通整治工作,有管有理,疏堵结合,促进交通秩序好转。建议管制前，做好管制时间预通知。"
"占道停车","接送孩子的家长，随意停车，交通不便"
"照明与监控","建议增加照明监控设备路口很黑"
"占道停车","道路不宽车辆较多，行人穿行也多建设增添交通违护人员"
"安全步行空间","每天早上送孩子上学校都是车，拥挤的很，车多人多，特别是胡同的轿车也要往里挤，还不安全，希望能够改善一下"
"过街设施","过马路太费劲啦，建议加个过街天桥！"
"过街设施","广渠门桥下有人行横道没红绿灯，每次过马路等半天也过不去，建议增加红绿灯。"
"安全步行空间","路比较狭窄，希望增宽，以缓解拥堵"
"自定义","胡同里没有路灯，投放垃圾只能放大门口。缺少那种插卡买水的设施。"
"占道停车","早上送孩子上学车辆拥堵，车辆行人不能正常行驶。"
"占道停车","人员流动较大，随便占道停车"
"占道停车","幼儿园和小学在一起，早上送孩子车辆占道无法正常行驶"
"占道停车","非机动车道长期停车，车辆乱占道"
"占道停车","小区内车位太少，周边上班的人经常把车停进来占用已经十分紧张的停车位"
"安全步行空间","步行空间大点更好，放学拥挤，没有专门的停车1道"
"占道停车","小区里有个幼儿园，每天小朋友送园时间，小区就开堵车，车不太好出去"
"过街设施","过马路不方便，需要过街天桥。"
"安全步行空间","步行道狭窄，道路比较拥堵，红绿灯不完善"
"车辆超速","这里是学校，孩子的安全是第一位的，之前看过一个逆行超速撞孩子的视频，吓坏了。"
"照明与监控","外地车不要限行，这边住的都是外地人，请放过他们"
"安全步行空间","自行车乱停，占用人行车道，请安排疏导员，让孩子们步行畅通！"
"自定义","这个片区基本没有停车位，希望适量增加停车位"
"占道停车","灯市口整条街道，路本事窄，学校多，路边还有占路停车，很不安全"
"占道停车","太拥挤，占道严重，需要改善"
"自定义","希望首邑溪谷开西门，环节这边拥挤狭窄的行车道"
"自定义","在这里增设学校，让孩子上学更方便"
"照明与监控","增加照明设施，建议暖光.另需缓解路面狭窄，建议附近小区开启西门宽阔路面通行"
"占道停车","路边停车很多，车辆超速，闯红灯现象明显"
"过街设施","车辆行驶拥堵，行人道非常的不方便！道路非常堵"
"安全步行空间","离学校比较近 放学时候挺乱 挺嘈杂 希望多添加些步行安全区"
"占道停车","道路占路停车现象很多，车辆超速，闯红灯"
"占道停车","世界之花附近老有一些非机动车乱停放车辆！请及时安排疏导！谢谢！"
"占道停车","路边车太多，行走不方便，学校读机呢，对孩子没有保障"
"过街设施","东小营村及三家信苑，翠北家园，海淀嘉郡必经之路。每天人多车多，沙阳路又是海淀和昌平交界，连接西六环，京新高速，京藏高速。"
"自定义","学校区等候区太小，停车位不足，忘改进。"
"过街设施","车辆行驶过于拥堵，行人道路过于拥挤，非常不方便。"
"过街设施","车多人多，去附近市场必经之路。如有过街设施，会提好很高安全系数"
"占道停车","早上都好多占道停车。经常堵车。"
"占道停车","没有车管人员，乱停车，占用盲道，红绿灯没有监控"
"车辆超速","南顶路周边经常有车辆鸣笛切超速,影响孩子通行，希望尽快处理"
"安全步行空间","陈经纶劲松分校平乐园校区，周边被停车道占用，影响接送孩子"
"安全步行空间","占用人行道严重需要整改整改"
"占道停车","没人管 停车瞎停，建议增加车辆管理员"
"照明与监控","监控需要增加 尤其宜家那边过马路很危险"
"自定义","酒仙桥北路堵车严重，建议给去五环方向开辟新路线，不然都堵在酒仙桥北路了，天天堵车，每周有三天晚上高峰期能原地堵小一个小时，还有电机厂前面这条路没有自行车道，电动车自行车都跟汽车挤一块儿，搞得汽车不好走更堵"
"自定义","这个片区基本没有停车位，然后路况狭窄，需适量增加停车位和步行空间"
"自定义","校区上学下学时间段人多路窄 ，放学时车太多。"
"占道停车","小区有个幼儿园，附近有小学，占道停车较多，没有大型停车场"
"安全步行空间","这一段路是每天幼儿园上学放学的必经之路，由于没有人行道，所以不行送孩子的家长只能牵着孩子穿行于车辆之间，非常危险，希望尽快修一条人行道。"
"过街设施","修路修的慢，整的小区周边路不好走"
"占道停车","需要加停车场，和提车位给居民"
"安全步行空间","道路拥堵增加步行空间增设过街设施，方便步行人员安全过马路"
"照明与监控","照明设施太老了，好多地方没有灯，没有监控，上次在小区里车被碰了找不到人"
"过街设施","每次放学的时间路过二中的门口，只有保安在那里指挥交通，孩子们才能横穿马路，强烈建议在这里增设过街红绿灯！"
"安全步行空间","道路拥堵高峰期车流量大，过马路不方便增加过街设施，方便步行人员安全过马路"
"占道停车","占道停车情况严重，接送孩子不方便！"
"安全步行空间","车辆过多，占用行人车道"
"安全步行空间","建议这条路规划一下人行道，每天接送孩子，都得在汽车的缝儿里挤来挤去的，很不安全，哎！"
"车辆超速","那个马路两边经常有汽车占道，行人根本没有行人道。路况特别差，也没人管。"
"占道停车","路上找不到停靠处，乱停车"
"安全步行空间","步行空间不足，希望增设安全步行通道"
"过街设施","此处车多人多，需要增加红绿灯保证安全"
"安全步行空间","这个地方闯红灯的人特别多，也没有管理的，然后这边路况总是堵车"
"车辆超速","这些日子上班路过这里，有好多大货车拉土，超速行驶。"
"占道停车","马路边上存在的电动车占道停车行人无法通过，外卖的车停的特别多，非常的混乱"
"安全步行空间","非机动车道被占用，不安全"
"过街设施","车站附近行人带行李的多，增设行人无障碍道路、电梯。方便出行。"
"占道停车","上下学道路拥堵，旅游大巴路边停了不少，影响出行！"
"安全步行空间","胡同中行走有时都困难，整治停车问题，让生活更加美好，安全出行"
"占道停车","停车麻烦，占道违章，影响交通"
"过街设施","晚高峰黑龙潭路堵车实在严重，如果可以改善就最好了"
"车辆超速","这学校旁边有占道经营，而且过往的车辆都不减速，开的很快，很不安全"
"自定义","学校周边交通混乱，过往汽车很多未曾考虑学校因素，车速依然很快，且与接送孩子车辆争抢"
"占道停车","停车占用消防通道，学生上学、放学存在安全隐患。"
"过街设施","过街通道不完善，需要改善"
"占道停车","这条路特别的堵，占道，乱停车，就在青少年活动中心。孩子每周上学的时候，都特别的困难。"
"自定义","这小区附近幼儿园、小学、中学都有这里挨着二手车交易市场，送孩子上学时在花乡桥掉头很容易被去二手车交易市场的车堵死，有时二手车经常停在靠近怡海花园南门的位置，造成堵车，进出小区接孩子很困难"
"占道停车","停车困难，车位紧张，增加车位空间。"
"占道停车","此处地方占道停车交通不便"
"安全步行空间","希望北京饭店后边变成步行街，希望地铁一号线在王府井燕莎设一个出口"
"占道停车","本来路面就不是很宽，加上到处乱停车，那个路面特别堵车，从这过的司机也不因为学校而减速"
"安全步行空间","学生放学时胡同里有车辆行驶过，对学生造成危险"
"过街设施","增设行人无障碍道路，电梯。方便出行"
"占道停车","没地停车，车位太少！"
"占道停车","小区门口占道车辆比较多"
"车辆超速","道路不宽也不新，不是市区，过往的车辆速度超级快，行人都来不及躲闪，太差劲了。"
"照明与监控","这边路况设施不是很好，那个灯有坏的，然后在学校附近不方便。"
"照明与监控","照明可以再增多些 晚上还是有点暗 过马路不是很安全"
"占道停车","这个是垡头二小，这个小学马路边上老是有乱停车的现象，而且这个是单行道，很多汽车都不守规矩，逆行，也没有人管理。早晚孩子上学高峰的时候，这个条路根本就没法走。特别的堵车，给孩子都带来很多危险。"
"自定义","能微信支付就好了，每次吃饭还要借同学的饭卡"
"占道停车","早晚高峰巨堵，批发市场违章停车占道。"
"照明与监控","小区照明设施需要增设"
"照明与监控","主要是小区附近的照明设备不太好。"
"占道停车","小区内占道停车严重，车位少。"
"占道停车","机动车乱停乱放，影响交通，存在严重安全隐患！"
"照明与监控","建议靠近十字路口的学校附近增加照明设备，方便学生安全通行!"
"安全步行空间","车太多，路面不宽，还有停车占道的现象，骑自行车都不顺畅，希望赶紧改善下。"
"照明与监控","晚上照明不太好，希望多加点路灯"
"占道停车","停车位少 车辆停在路边使车道变窄 "
"照明与监控","行人路照明不够亮度，希望可以增加路灯。增加亮度"
"占道停车","枣园尚城小区门口占道停车飞常影响附近居民生活"
"占道停车","早晚高峰堵车特别严重"
"自定义","周围是老旧小区，小区内根本没有的多少停车位，能不能不要光贴罚单？路边能否画出停车位给老百姓？"
"过街设施","益泽路中这个路口早晚高峰非常拥堵，两个小区出车进车交通很不方便，而且赶上放学既拥挤又不安全。"
"占道停车","路两边车停的太多了！需要改善"
"占道停车","小区西侧停车混乱，尤其是早晚幼儿园接送孩子时更加严重，极易造成拥堵"
"自定义","这条路早晚高峰太堵了，能堵20分钟不动，太耽误时间了，道路还特别破，什么时候修修啊。"
"占道停车","小区内部停车混乱，影响正常行驶，给生活带来很大不便"
"过街设施","安全问题，需要增加过街提示或者行人路面加宽"
"安全步行空间","隔壁就是商城，常常有学生过去购物，但是只有一个斑马线，所以希望增加一个安全步行空间"
"占道停车","存在占道停车问题，很多车还会停在行人道上，有时外卖小哥的车也会乱停放，自行车也没有地放，整体来说路况不佳，看着闹心"
"占道停车","路边占道车辆太多，影响交通"
"自定义","北京市九中位于石景山区，这里天天堵车，道路又小又破，公交也不便利，开车拥堵很正常，给学生出行带来不便。"
"占道停车","学校附近没有专用停车场，路边车辆乱停乱放，建议改善"
"安全步行空间","看到孩子上学请机动车让行"
"自定义","打车不太方便，健身设施不全，周边无健身房。"
"安全步行空间","这条路两边没有划停车线，很多周围小区的车辆横着停放，造成道路变窄，机动车和自行车并行很危险。"
"照明与监控","丰台东大街地铁站的十字路口，晚上过马路的时候，太黑了，很难看见人和车，很不安全。"
"安全步行空间","道路比较窄，行人出行不便，经常有自行车占道，外卖骑的飞快，学生出行没有安全感。"
"占道停车","停车难，路窄，车多，希望扩宽"
"安全步行空间","看到学生上学请机动车让行"
"照明与监控","夜间没有照明，建议添加照明设施，更安全。"
"占道停车","路边停的车辆太多，影响交通安全！"
"安全步行空间","北京景山学校北校区门口太乱了，十几年如一日的乱，车辆乱停，胡同细，以前是一侧停，现在是双侧都停，送孩子的车一进来就堵死了！堵的死死的，人、车、电动车、自行车都堵死了！每天都有孩子被机动车碰，电动车撞！政府部门的青天大老爷们快来拿出个措施吧！求求你们了！我们向北新桥街道反映了多次！没有用啊！"
"安全步行空间","路太破，没有人行道，开车司机不讲规矩，乱停车现象多，路口无红绿灯，建议加强管理。"
"占道停车","单车太乱，车辆乱停乱放建议改善。"
"过街设施","红绿灯时间太长    走过去时间根本不够"
"占道停车","车辆过多，左转弯费劲"
"自定义","闯红灯的过多，员工安全有隐患"
"安全步行空间","无红绿灯，司机乱停车，不礼让行人，无红绿灯，经常堵车，无人行道。"
"过街设施","车辆太多，左转不好转，三轮车过快"
"安全步行空间"," 这边有一个学校经常有学生过马路，但却没有红绿灯，希望改善。"
"自定义","车辆过多，危机员工生命安全"
"过街设施","车辆多，左转难转，三轮车过快"
"占道停车","占道停比较严重，很讨厌"
"占道停车","学校周边汽车交通不便，尽量减少私家车!"
"安全步行空间","每当上学放学的时间，这个地方总有学生来来往往，周围车很多挺危险的。"
"安全步行空间","无人行道，汽车乱停放没人管，汽车占用非机动车道，建议加强管理。"
"安全步行空间","车辆太多，存在安全隐患"
"过街设施","每天放学的时间，看见很多学生来来往往，但是车流也很多，应该增加一个过街天桥什么的，改善一下学生安全。"
"安全步行空间","经常堵车，无红绿灯，汽车乱停放，无人管，无人行道，行人车辆混行了,建议加强管理。"
"占道停车","这边的道路本来只有两条车行道旁边还有一个学校经常有送学生的家长不自觉在这边占道停车影响交通，老是堵车，希望有关部门管管。"
"过街设施","这里人流量比较大，行人乱穿行马路现象突出，建议新增人行道"
"安全步行空间","门口车辆较多，使行走和交通不便！建议绿色出行！"
"安全步行空间","上下班路上 安全步行空间会出现有人骑行或者逆行的情况"
"安全步行空间","车辆太多绿灯时间太短希望改善"
"占道停车","这边这个学校每天上学放学的时间，好多家长在这停车，严重阻碍了交通，堵车堵的不行，希望能有所改善。"
"过街设施","每天来育新这边送孩子，但是感觉过马路特别危险，能不能增加一个专用的过街天桥这里。"
"安全步行空间","车辆太多，存在安全隐患。"
"照明与监控","建议安装照明和监控设备"
"安全步行空间","我家这边靠近西二旗小学，每天接送孩子上学放学，感觉车多车流量大，很危险。希望提出来能有所改善吧。"
"占道停车","丰体时代小学周围乱停车较为严重，每次下午放学时间道路堵塞，影响交通，忘大家遵守交通规则依法停车。"
"过街设施","每次过西三旗那个桥，都心惊肉颤，很希望能在西三旗桥扩建一个专门的人行天桥或者特殊通道。"
"过街设施","车辆经常拥堵不好过，希望可以增加车位，减少拥堵状况，方便行人！"
"占道停车","每天下班放学这条路都特别堵，公交过不来，主要是汽配城的电动三轮车太多了，"
"占道停车","占道停车，太多了，建议治理治理。"
"过街设施","车辆过多，左转难转，三轮车过快"
"占道停车","可在孩子上下学期间设置临时占道标志"
"占道停车","车辆乱停乱放违法停车逆向停车   停的很乱建议整顿"
"安全步行空间","建议放学时需过公路时应有保安护送或有车辆指挥人员。"
"车辆超速","这条街本身就窄，行人和车辆共用一条道，有的车辆速度快，应该限制一下车速"
"车辆超速","传媒大学西门自从安装了护栏之后，学生过街不方便了，而且来往车辆速度过快。"
"车辆超速","地铁站附近 行人多车辆更多 车辆开的开快 跟行人抢道  "
"安全步行空间","送孩子上学道路两边停车太多，行驶车辆也多，总是堵车"
"安全步行空间","停车占地，影响学生过路"
"照明与监控","从黄平路到畅悦居，都没有充足的照明，非常不安全，路口经常拥堵，尤其是TBD旁的黄平路，强烈呼吁照明!!!!"
"自定义","每天下班，放学的时候，学校附近堵车非常严重，路边随意停车，汽配城电动三轮超多，横穿，行人都无法同行。"
"车辆超速","建议有摄像头拍照，超速太严重"
"安全步行空间","小学生门走路时必须家人带领，车来车往，很不安全，电动车，汽车乱停放。希望有关部门严加管理。"
"车辆超速","学校附近总有超速车辆，学生过斑马线车辆鸣笛对学生造成惊吓 "
"安全步行空间","这里挨着小学 道具很窄 放学时候人多 车哪个方向开都有 很不安全 希望明确划分车辆方向 有秩序。"
"安全步行空间","接送孩子的机动车随处停放，非机动车和行人通行空间被急剧压缩。"
"自定义"," 早晚高峰占道停车 巨堵 希望得到改善"
"安全步行空间","路上车辆比较多，放学时之事议交警看护"
"占道停车","车辆占用行人道路问题 比较严重 很不安全 希望可以改善"
"自定义","200米的道路修了2年至今还未通车"
"自定义","希望两边的路上不要停太多的车，车停太多，很多人走路都不是很方便"
"占道停车","路边没有画停车位 停车不规范 占用自行车道很危险"
"照明与监控","冬天天黑的早了 这里没有路灯 很黑 老人孩子很不安全 希望增设路灯"
"照明与监控","没有路灯晚上太可怕啦！"
"安全步行空间","车辆过多，注意行人安全。"
"安全步行空间","车辆过多危急员工生命安全"
"安全步行空间","车辆过多，注意安全。"
"占道停车","占道停车影响行人和车辆的通行"
"安全步行空间","离学校近，没有人行道，容易堵车"
"照明与监控","车多，没人管，没有监控"
"占道停车","路边停车多，过往车辆多，没人管"
"占道停车","建议中间装上隔离带 防止两边占道停车"
"占道停车","车俩太多了遭成了拥堵"
"占道停车","车辆太多了应当减少车辆行驶"
"过街设施","在佑安医院西门外靠南再增加一处过街设施"
"过街设施","地下通道不通，无法穿过马路"
"过街设施","缺乏过街天桥，穿越八达岭高速困难，尤其是去龙泽地铁站，需要往南走才有过高速的天桥，再折回往北去地铁站"
"安全步行空间","围栏太变态了，建议全部拆除"
"自定义","这地方本来是一条公共道路 连接龙岗路和清河路，现在被水木天成小区完全拦起来作为小区内部道路的汽车人行出入口，侵占公共资源。早高峰期龙岗路经常堵车，如果改成公共道路，会极大分流车流，缓解交通压力。"
"过街设施","强佑新城停车场直接对着道路交叉口，汽车从出口出来直行过红绿灯时，和龙岗路驶出来向南行驶的车流产生冲突，希望交通部门能对这里的交通管理进行改善。"
"照明与监控","路灯损坏，灯管随时脱落，容易砸到经过车辆。开车路过，没来得及拍照。"
"安全步行空间","不规则的十字路口，过街交通不连贯，十字路口地形地势低于周边，行车视线有盲点（夜晚照明不够，极其容易导致车祸）。重点!十字路口50米有幼儿园和北小河公园入口，人流量较大，且弱势群体占比高，这个路口到中元节夜晚烧纸人众多，可见事故频发!然而至今没有任何改善!"
